ticker,year_week,week_open_close,week_close,weekly_price_change_pct,next_week_price_change_pct,avg_volume,avg_daily_return,weekly_volatility,trading_days,post_count,avg_score,avg_upvote_ratio,avg_comments,avg_sentiment,positive_posts,negative_posts,neutral_posts,high_reddit_activity
AAPL,2025-W10,236.9971,238.0326,0.4369,-6.15,47930740,0.001132,0.010472,5,,,,,,,,,False
AAPL,2025-W11,226.4928,212.5636,-6.15,1.9953,66446400,-0.022124,0.025112,5,,,,,,,,,False
AAPL,2025-W12,213.0714,217.3228,1.9953,-1.2821,57576380,0.004487,0.011109,5,2.0,10932.0,0.97,431.0,0.0,0.0,0.0,2.0,True
AAPL,2025-W13,219.7722,216.9544,-1.2821,-15.1938,38034520,-0.000215,0.017526,5,5.0,10337.0,0.958,1237.0,0.1319999999999999,2.0,0.0,3.0,True
AAPL,2025-W14,221.1661,187.5625,-15.1938,9.1976,73389560,-0.027604,0.051137,5,7.0,16239.857142857143,0.9314285714285714,1030.857142857143,-0.0309428571428571,2.0,2.0,3.0,True
AAPL,2025-W15,180.6726,197.2901,9.1976,-2.7355,135007520,0.012987,0.086502,5,1.0,1145.0,0.99,38.0,0.0,0.0,0.0,1.0,False
AAPL,2025-W16,201.6412,196.1252,-2.7355,8.3454,63351720,-0.000961,0.023429,5,,,,,,,,,False
AAPL,2025-W17,192.3218,208.3718,8.3454,-2.2794,47636280,0.012359,0.020757,5,,,,,,,,,False
AAPL,2025-W18,209.2281,204.4589,-2.2794,-0.181,57246700,-0.003639,0.018873,5,1.0,376.0,0.92,177.0,0.6249,1.0,0.0,0.0,False
AAPL,2025-W19,198.0269,197.6685,-0.181,0.223,55140900,-0.006634,0.015577,5,,,,,,,,,False
AAPL,2025-W20,210.1505,210.6191,0.223,-6.4709,52955660,0.013087,0.028548,5,4.0,6570.25,0.8975,611.75,-0.05265,2.0,1.0,1.0,True
AAPL,2025-W21,208.1466,194.6776,-6.4709,2.8576,54604840,-0.01557,0.010836,5,,,,,,,,,False
AAPL,2025-W22,194.6776,200.2407,2.8576,1.1006,60455560,0.005701,0.011229,5,1.0,4388.0,0.97,418.0,-0.6486,0.0,1.0,0.0,True
AAPL,2025-W23,201.0881,203.3013,1.1006,-2.482,45428540,0.00308,0.010265,5,3.0,286.6666666666667,0.8733333333333334,97.0,0.0426666666666666,2.0,1.0,0.0,False
AAPL,2025-W24,200.8388,195.854,-2.482,1.3003,56775400,-0.007389,0.010885,5,,,,,,,,,False
AAPL,2025-W25,197.818,200.3902,1.3003,-0.2084,53895960,0.004661,0.013387,5,,,,,,,,,False
AAPL,2025-W26,200.8887,200.47,-0.2084,4.0844,54678340,8.9e-05,0.004719,5,,,,,,,,,False
AAPL,2025-W27,204.5475,212.9021,4.0844,0.5763,61711020,0.012142,0.009551,5,1.0,4506.0,0.87,870.0,0.0,0.0,0.0,1.0,True
AAPL,2025-W28,209.313,210.5194,0.5763,1.2271,45207340,-0.002212,0.009481,5,,,,,,,,,False
AAPL,2025-W29,207.9871,210.5393,1.2271,0.6589,45133920,4e-05,0.007183,5,,,,,,,,,False
AAPL,2025-W30,211.8354,213.2311,0.6589,-5.452,46212440,0.002553,0.004794,5,1.0,1641.0,0.96,198.0,0.0,0.0,0.0,1.0,False
AAPL,2025-W31,213.4006,201.766,-5.452,12.7858,63983020,-0.010957,0.009418,5,3.0,2363.6666666666665,0.8799999999999999,353.3333333333333,0.0,0.0,0.0,3.0,False
AAPL,2025-W32,202.7331,228.6542,12.7858,1.9412,86365260,0.025547,0.023242,5,4.0,5727.5,0.9,615.25,-0.1101,0.0,1.0,3.0,True
AAPL,2025-W33,226.7478,231.1494,1.9412,-1.3556,59053160,0.002218,0.010625,5,2.0,2089.0,0.8200000000000001,497.5,-0.50065,0.0,2.0,0.0,False
AAPL,2025-W34,230.4508,227.3267,-1.3556,2.1923,38448340,-0.003276,0.011541,5,1.0,2584.0,0.84,394.0,-0.765,0.0,1.0,0.0,False
AAPL,2025-W35,226.7278,231.6984,2.1923,3.2523,38862160,0.00383,0.005779,5,,,,,,,,,False
AAPL,2025-W36,231.6984,239.234,3.2523,-1.6016,50468320,0.006557,0.01854,5,4.0,10947.0,0.9475,479.25,0.0,0.0,0.0,4.0,True
AAPL,2025-W37,237.4275,233.6247,-1.6016,3.7178,60957400,-0.00456,0.020775,5,2.0,1773.0,0.935,215.0,0.4081,2.0,0.0,0.0,False
AAPL,2025-W38,236.2497,245.033,3.7178,-0.2421,72123900,0.009655,0.013764,5,,,,,,,,,False
AAPL,2025-W39,255.5928,254.974,-0.2421,1.411,61874940,0.008181,0.022306,5,2.0,3302.0,0.95,325.0,0.38155,2.0,0.0,0.0,True
AAPL,2025-W40,253.946,257.5291,1.411,-4.4489,43666340,0.002002,0.003951,5,2.0,6964.5,0.955,385.5,0.36845,2.0,0.0,0.0,True
AAPL,2025-W41,256.2017,244.8034,-4.4489,1.8695,42687580,-0.009983,0.015822,5,,,,,,,,,False
AAPL,2025-W42,247.1889,251.81,1.8695,0.2212,39287700,0.005701,0.010159,5,1.0,180.0,0.93,74.0,0.0,0.0,0.0,1.0,False
AAPL,2025-W43,261.7411,262.32,0.2212,0.5803,50640560,0.008375,0.020335,5,3.0,267.0,0.94,60.333333333333336,0.1078666666666666,1.0,1.0,1.0,False
AAPL,2025-W44,268.2986,269.8557,0.5803,-0.2156,58712660,0.005722,0.010212,5,1.0,8108.0,0.94,904.0,0.0,0.0,0.0,1.0,True
AAPL,2025-W45,268.5381,267.9593,-0.2156,1.106,48516780,-0.001404,0.003632,5,,,,,,,,,False
AAPL,2025-W46,269.1781,272.1553,1.106,1.5068,46590560,0.003161,0.011031,5,3.0,2267.0,0.8633333333333333,420.6666666666667,0.0,1.0,1.0,1.0,False
AAPL,2025-W47,267.21,271.2362,1.5068,1.0619,47194900,-0.000596,0.014206,5,,,,,,,,,False
AAPL,2025-W48,275.6621,278.5893,1.0619,-1.526,39899680,0.00538,0.006371,5,3.0,4459.0,0.9,322.3333333333333,0.2269333333333333,1.0,0.0,2.0,True
AAPL,2025-W49,282.8354,278.5194,-1.526,0.1403,47010160,9e-06,0.012211,5,,,,,,,,,False
AAPL,2025-W50,277.6302,278.0199,0.1403,-0.1605,35244860,-0.000353,0.00379,5,,,,,,,,,False
AAPL,2025-W51,273.8537,273.4142,-0.1605,0.8968,66891820,-0.003305,0.00875,5,1.0,309.0,0.96,29.0,0.3612,1.0,0.0,0.0,False
AAPL,2025-W52,270.7167,273.1444,0.8968,-1.0045,24711360,-0.000182,0.006206,5,,,,,,,,,False
AAPL,2026-W01,273.5041,270.7567,-1.0045,-2.9522,27656020,-0.001752,0.002361,5,5.0,529.2,0.8019999999999999,117.4,-0.19668,0.0,4.0,1.0,False
AAPL,2026-W02,267.0102,259.1275,-2.9522,-1.8136,47345080,-0.008718,0.007643,5,,,,,,,,,False
AAPL,2026-W03,260.0067,255.2911,-1.8136,-2.9312,48509080,-0.002964,0.006073,5,3.0,6501.333333333333,0.9666666666666668,103.33333333333331,0.1755666666666666,1.0,0.0,2.0,True
AAPL,2026-W04,255.2911,247.8081,-2.9312,1.5935,57689860,-0.005825,0.016193,5,2.0,261.0,0.96,91.0,0.0,0.0,0.0,2.0,False
AAPL,2026-W05,255.1712,259.2374,1.5935,3.0036,61320380,0.009129,0.013368,5,2.0,1357.5,0.95,136.5,0.0,0.0,0.0,2.0,False
AAPL,2026-W06,269.7576,277.86,3.0036,-6.8604,66456920,0.014109,0.018713,5,2.0,1060.0,0.91,194.5,-0.007,1.0,1.0,0.0,False
AAPL,2026-W07,274.62,255.78,-6.8604,3.4405,53659900,-0.01623,0.021736,5,2.0,2029.0,0.83,135.5,0.0,0.0,0.0,2.0,False
AAPL,2026-W08,255.78,264.58,3.4405,-0.7514,44375780,0.006908,0.017367,5,4.0,2142.5,0.96,202.5,-0.011725,1.0,1.0,2.0,False
AAPL,2026-W09,266.18,264.18,-0.7514,-2.7425,44549740,-0.000136,0.020316,5,7.0,4953.857142857143,0.9271428571428572,299.42857142857144,0.0,0.0,0.0,7.0,True
AAPL,2026-W10,264.72,257.46,-2.7425,-3.7556,42195700,-0.00513,0.004953,5,3.0,2302.333333333333,0.96,289.0,-0.0426666666666666,0.0,1.0,2.0,False
AAPL,2026-W11,259.88,250.12,-3.7556,-1.9105,34550440,-0.005687,0.014153,5,2.0,5577.5,0.97,348.5,0.2202,1.0,0.0,1.0,True
AAPL,2026-W12,252.82,247.99,-1.9105,-1.0696,44677780,-0.001664,0.010596,5,3.0,2776.6666666666665,0.97,304.0,-0.3069333333333333,1.0,2.0,0.0,False
AAPL,2026-W13,251.49,248.8,-1.0696,,40774360,0.0007,0.010897,5,,,,,,,,,False
AMZN,2025-W10,205.02,199.25,-2.8144,1.7529,50415640,-0.006891,0.024151,5,,,,,,,,,False
AMZN,2025-W11,194.54,197.95,1.7529,0.2401,47880120,-0.00112,0.021627,5,,,,,,,,,False
AMZN,2025-W12,195.74,196.21,0.2401,-5.1855,45235520,-0.001706,0.012067,5,,,,,,,,,False
AMZN,2025-W13,203.26,192.72,-5.1855,-10.123,37103560,-0.003209,0.030508,5,1.0,23770.0,0.9,563.0,0.3612,1.0,0.0,0.0,True
AMZN,2025-W14,190.26,171.0,-10.123,5.4833,75441420,-0.022814,0.044295,5,1.0,5017.0,0.96,414.0,0.0,0.0,0.0,1.0,True
AMZN,2025-W15,175.26,184.87,5.4833,-5.2218,86547620,0.017375,0.065619,5,,,,,,,,,False
AMZN,2025-W16,182.12,172.61,-5.2218,12.9512,46594560,-0.013584,0.010568,5,,,,,,,,,False
AMZN,2025-W17,167.32,188.99,12.9512,1.2147,49676180,0.018649,0.029652,5,1.0,43237.0,0.92,2385.0,-0.4019,0.0,1.0,0.0,True
AMZN,2025-W18,187.7,189.98,1.2147,3.6007,56447600,0.001171,0.017869,5,,,,,,,,,False
AMZN,2025-W19,186.35,193.06,3.6007,-1.4618,35837380,0.003332,0.01663,5,,,,,,,,,False
AMZN,2025-W20,208.64,205.59,-1.4618,-2.5078,55511320,0.013274,0.040059,5,,,,,,,,,False
AMZN,2025-W21,206.16,200.99,-2.5078,2.0001,35715700,-0.004473,0.010299,5,,,,,,,,,False
AMZN,2025-W22,200.99,205.01,2.0001,3.3487,36632940,0.00403,0.012441,5,,,,,,,,,False
AMZN,2025-W23,206.65,213.57,3.3487,-2.2491,36772940,0.008269,0.011718,5,,,,,,,,,False
AMZN,2025-W24,216.98,212.1,-2.2491,-2.9662,33141920,-0.001311,0.013173,5,,,,,,,,,False
AMZN,2025-W25,216.1,209.69,-2.9662,7.1137,45888440,-0.002217,0.012827,5,1.0,77.0,0.74,289.0,0.0,0.0,0.0,1.0,False
AMZN,2025-W26,208.47,223.3,7.1137,1.8324,55428820,0.012761,0.016235,5,1.0,672.0,0.97,75.0,0.5859,1.0,0.0,0.0,False
AMZN,2025-W27,219.39,223.41,1.8324,0.6936,37660720,0.000157,0.012125,5,1.0,678.0,0.99,61.0,0.34,1.0,0.0,0.0,False
AMZN,2025-W28,223.47,225.02,0.6936,0.195,40268020,0.001507,0.013162,5,2.0,423.0,0.91,209.5,-0.2294,0.0,1.0,1.0,False
AMZN,2025-W29,225.69,226.13,0.195,0.9333,35967080,0.001017,0.008912,5,,,,,,,,,False
AMZN,2025-W30,229.3,231.44,0.9333,-7.7495,35538120,0.0047,0.010865,5,1.0,470.0,0.94,130.0,0.0,0.0,0.0,1.0,False
AMZN,2025-W31,232.79,214.75,-7.7495,5.2162,63925140,-0.014206,0.039448,5,,,,,,,,,False
AMZN,2025-W32,211.65,222.69,5.2162,4.3967,51558440,0.00745,0.020313,5,1.0,143.0,0.84,181.0,0.0,0.0,0.0,1.0,False
AMZN,2025-W33,221.3,231.03,4.3967,-1.1448,41307060,0.007457,0.013907,5,,,,,,,,,False
AMZN,2025-W34,231.49,228.84,-1.1448,0.465,32240000,-0.001746,0.019917,5,,,,,,,,,False
AMZN,2025-W35,227.94,229.0,0.465,1.4541,25974480,0.000167,0.008263,5,,,,,,,,,False
AMZN,2025-W36,229.0,232.33,1.4541,-3.2607,38075960,0.003113,0.023748,5,,,,,,,,,False
AMZN,2025-W37,235.84,228.15,-3.2607,0.0216,39574080,-0.003479,0.018958,5,1.0,947.0,0.92,442.0,0.2732,1.0,0.0,0.0,False
AMZN,2025-W38,231.43,231.48,0.0216,-3.4486,50027460,0.002943,0.010042,5,5.0,202.2,0.924,126.0,-0.0809199999999999,1.0,2.0,2.0,False
AMZN,2025-W39,227.63,219.78,-3.4486,-1.1973,52051220,-0.010236,0.014365,5,,,,,,,,,False
AMZN,2025-W40,222.17,219.51,-1.1973,-2.0507,44297400,-0.000194,0.01133,5,1.0,630.0,0.98,46.0,0.1779,1.0,0.0,0.0,False
AMZN,2025-W41,220.9,216.37,-2.0507,-3.1944,48070240,-0.002582,0.026837,5,,,,,,,,,False
AMZN,2025-W42,220.07,213.04,-3.1944,3.5708,43557260,-0.003036,0.012357,5,3.0,224.66666666666663,0.8433333333333334,200.66666666666663,0.1869999999999999,2.0,0.0,1.0,False
AMZN,2025-W43,216.48,224.21,3.5708,7.6001,40782200,0.010385,0.016756,5,12.0,7416.583333333333,0.9333333333333332,453.3333333333333,0.1009833333333333,5.0,2.0,5.0,True
AMZN,2025-W44,226.97,244.22,7.6001,-3.7756,81199380,0.018095,0.04708,5,1.0,402.0,0.99,50.0,0.0,0.0,0.0,1.0,False
AMZN,2025-W45,254.0,244.41,-3.7756,-5.5193,56106660,0.000434,0.026483,5,3.0,234.66666666666663,0.8366666666666666,220.33333333333331,0.2936,2.0,0.0,1.0,False
AMZN,2025-W46,248.4,234.69,-5.5193,-5.2304,34317820,-0.00796,0.017517,5,,,,,,,,,False
AMZN,2025-W47,232.87,220.69,-5.2304,3.067,59532500,-0.012003,0.023412,5,,,,,,,,,False
AMZN,2025-W48,226.28,233.22,3.067,-1.8599,38197160,0.011161,0.011853,5,1.0,180.0,0.92,160.0,0.0,0.0,0.0,1.0,False
AMZN,2025-W49,233.88,229.53,-1.8599,-0.3085,40597020,-0.00316,0.007754,5,1.0,560.0,0.99,107.0,0.0,0.0,0.0,1.0,False
AMZN,2025-W50,226.89,226.19,-0.3085,2.1614,32708060,-0.002852,0.013751,5,1.0,236.0,0.94,130.0,0.0,0.0,0.0,1.0,False
AMZN,2025-W51,222.54,227.35,2.1614,1.7905,53287240,0.001114,0.015084,5,2.0,2920.0,0.96,374.5,0.1806,1.0,0.0,1.0,False
AMZN,2025-W52,228.43,232.52,1.7905,-2.4001,20065440,0.004525,0.006807,5,,,,,,,,,False
AMZN,2026-W01,232.07,226.5,-2.4001,6.1443,28386400,-0.005205,0.008316,5,2.0,1817.0,0.935,303.5,0.2202,1.0,0.0,1.0,False
AMZN,2026-W02,233.06,247.38,6.1443,-2.9821,43960860,0.01787,0.014073,5,1.0,353.0,0.9,226.0,0.6369,1.0,0.0,0.0,False
AMZN,2026-W03,246.47,239.12,-2.9821,0.0167,40908420,-0.006699,0.013178,5,1.0,3279.0,0.97,471.0,0.1779,1.0,0.0,0.0,True
AMZN,2026-W04,239.12,239.16,0.0167,0.3691,41318820,0.00021,0.020913,5,,,,,,,,,False
AMZN,2026-W05,238.42,239.3,0.3691,-13.4343,41110400,0.000203,0.014783,5,16.0,918.3125,0.939375,190.0625,0.06601875,4.0,2.0,10.0,False
AMZN,2026-W06,242.96,210.32,-13.4343,-4.7576,85079480,-0.025184,0.027288,5,9.0,1950.111111111111,0.8999999999999999,453.44444444444446,-0.0541333333333333,2.0,3.0,4.0,False
AMZN,2026-W07,208.72,198.79,-4.7576,5.6945,74839180,-0.011193,0.006974,5,3.0,958.6666666666666,0.9466666666666668,211.66666666666663,0.2233666666666666,1.0,0.0,2.0,False
AMZN,2026-W08,198.79,210.11,5.6945,2.3043,57751060,0.011187,0.011175,5,3.0,4073.3333333333335,0.9433333333333334,195.0,0.0,0.0,0.0,3.0,True
AMZN,2026-W09,205.27,210.0,2.3043,2.313,48248940,1.1e-05,0.016984,5,,,,,,,,,False
AMZN,2026-W10,208.39,213.21,2.313,-2.7261,51202620,0.003266,0.023932,5,2.0,20.5,0.735,42.5,0.1806,1.0,0.0,1.0,False
AMZN,2026-W11,213.49,207.67,-2.7261,-3.0084,40906520,-0.005228,0.007682,5,2.0,2692.5,0.935,119.5,0.0,0.0,0.0,2.0,False
AMZN,2026-W12,211.74,205.37,-3.0084,-5.1394,45032200,-0.002071,0.019588,5,3.0,920.6666666666666,0.7866666666666667,470.3333333333333,0.0407333333333333,1.0,1.0,1.0,False
AMZN,2026-W13,210.14,199.34,-5.1394,,43754680,-0.005642,0.027317,5,,,,,,,,,False
TSLA,2025-W10,284.65,262.67,-7.7218,12.5276,107424420,-0.019346,0.037824,5,,,,,,,,,False
TSLA,2025-W11,222.15,249.98,12.5276,4.4956,144248960,-0.006321,0.091089,5,,,,,,,,,False
TSLA,2025-W12,238.01,248.71,4.4956,-5.3307,113425800,-5e-06,0.05028,5,1.0,1636.0,0.98,434.0,0.4939,1.0,0.0,0.0,False
TSLA,2025-W13,278.39,263.55,-5.3307,-7.6131,151890540,0.013482,0.068773,5,10.0,2687.4,0.89,438.4,-0.10442,1.0,5.0,4.0,False
TSLA,2025-W14,259.16,239.43,-7.6131,8.1529,162137460,-0.01729,0.064735,5,2.0,2653.5,0.925,275.5,0.20095,1.0,0.0,1.0,False
TSLA,2025-W15,233.29,252.31,8.1529,-4.3511,177032280,0.015833,0.121016,5,3.0,2637.333333333333,0.9433333333333334,289.3333333333333,-0.4917666666666667,0.0,3.0,0.0,False
TSLA,2025-W16,252.35,241.37,-4.3511,25.2528,91783560,-0.008608,0.023031,5,5.0,961.0,0.934,276.2,0.1165799999999999,2.0,0.0,3.0,False
TSLA,2025-W17,227.5,284.95,25.2528,0.4652,126206660,0.035045,0.056992,5,4.0,1602.25,0.9625,170.75,0.214775,3.0,1.0,0.0,False
TSLA,2025-W18,285.88,287.21,0.4652,6.4226,120742640,0.001803,0.023463,5,2.0,2375.5,0.905,550.5,-0.0877999999999999,1.0,1.0,0.0,False
TSLA,2025-W19,280.26,298.26,6.4226,9.9252,94570900,0.007953,0.03075,5,,,,,,,,,False
TSLA,2025-W20,318.38,349.98,9.9252,-0.8039,116118980,0.032877,0.031088,5,1.0,430.0,0.88,809.0,0.0,0.0,0.0,1.0,False
TSLA,2025-W21,342.09,339.34,-0.8039,2.0982,100941680,-0.006009,0.019119,5,2.0,1276.0,0.94,251.5,0.07925,1.0,0.0,1.0,False
TSLA,2025-W22,339.34,346.46,2.0982,-13.8755,101553640,0.004757,0.039081,5,2.0,2001.0,0.955,348.5,-0.1362,1.0,1.0,0.0,False
TSLA,2025-W23,342.69,295.14,-13.8755,5.4216,146471580,-0.029539,0.068403,5,3.0,570.3333333333334,0.8866666666666667,238.33333333333331,-0.2159333333333333,0.0,2.0,1.0,False
TSLA,2025-W24,308.58,325.31,5.4216,-2.1177,129773720,0.020066,0.032256,5,1.0,1168.0,0.99,155.0,0.0,0.0,0.0,1.0,False
TSLA,2025-W25,329.13,322.16,-2.1177,-7.1842,94234400,-0.001745,0.022109,5,1.0,704.0,0.89,803.0,0.0,0.0,0.0,1.0,False
TSLA,2025-W26,348.68,323.63,-7.1842,-0.7272,118961200,0.001764,0.046979,5,2.0,1124.0,0.96,296.0,-0.1909,0.0,1.0,1.0,False
TSLA,2025-W27,317.66,315.35,-0.7272,6.6578,91469820,-0.004615,0.03725,5,1.0,398.0,0.95,245.0,0.0,0.0,0.0,1.0,False
TSLA,2025-W28,293.94,313.51,6.6578,4.0234,98722620,-0.000436,0.042419,5,,,,,,,,,False
TSLA,2025-W29,316.9,329.65,4.0234,-3.784,84212480,0.010315,0.023785,5,3.0,429.6666666666667,0.8566666666666668,285.3333333333333,0.4403333333333333,2.0,0.0,1.0,False
TSLA,2025-W30,328.49,316.06,-3.784,-7.0518,110177200,-0.007574,0.044187,5,1.0,1650.0,0.98,194.0,-0.5574,0.0,1.0,0.0,False
TSLA,2025-W31,325.59,302.63,-7.0518,6.5932,91671380,-0.008422,0.023748,5,,,,,,,,,False
TSLA,2025-W32,309.26,329.65,6.5932,-2.4983,74605560,0.017337,0.014771,5,,,,,,,,,False
TSLA,2025-W33,339.03,330.56,-2.4983,1.4471,80600340,0.000671,0.017345,5,,,,,,,,,False
TSLA,2025-W34,335.16,340.01,1.4471,-3.6728,72031020,0.0061,0.033851,5,,,,,,,,,False
TSLA,2025-W35,346.6,333.87,-3.6728,5.0828,75577900,-0.003447,0.021779,5,,,,,,,,,False
TSLA,2025-W36,333.87,350.84,5.0828,14.3014,79594360,0.010101,0.018557,5,2.0,796.5,0.96,138.0,0.0623999999999999,1.0,1.0,0.0,False
TSLA,2025-W37,346.4,395.94,14.3014,3.9094,94611680,0.025071,0.039019,5,1.0,889.0,0.92,93.0,0.7845,1.0,0.0,0.0,False
TSLA,2025-W38,410.04,426.07,3.9094,1.4256,111565680,0.014974,0.022263,5,1.0,531.0,0.85,334.0,0.5719,1.0,0.0,0.0,False
TSLA,2025-W39,434.21,440.4,1.4256,-3.0189,94407940,0.007199,0.037392,5,1.0,859.0,0.88,265.0,0.2263,1.0,0.0,0.0,False
TSLA,2025-W40,443.21,429.83,-3.0189,-8.7722,104433800,-0.004456,0.03106,5,1.0,40304.0,0.95,1251.0,0.4939,1.0,0.0,0.0,True
TSLA,2025-W41,453.25,413.49,-8.7722,0.7823,88052180,-0.006974,0.04326,5,,,,,,,,,False
TSLA,2025-W42,435.9,439.31,0.7823,-3.0642,78060380,0.012522,0.029152,5,,,,,,,,,False
TSLA,2025-W43,447.43,433.72,-3.0642,0.9151,84718460,-0.00234,0.023309,5,3.0,591.3333333333334,0.79,384.0,0.3594666666666666,2.0,0.0,1.0,False
TSLA,2025-W44,452.42,456.56,0.9151,-8.2947,81924080,0.010836,0.035882,5,3.0,914.3333333333334,0.8433333333333334,345.3333333333333,0.0087,1.0,2.0,0.0,False
TSLA,2025-W45,468.37,429.52,-8.2947,-9.1818,94203840,-0.01145,0.041366,5,,,,,,,,,False
TSLA,2025-W46,445.23,404.35,-9.1818,-4.3603,84003460,-0.011423,0.037796,5,1.0,1931.0,0.96,60.0,0.7351,1.0,0.0,0.0,False
TSLA,2025-W47,408.92,391.09,-4.3603,2.9657,93792000,-0.006557,0.014926,5,,,,,,,,,False
TSLA,2025-W48,417.78,430.17,2.9657,5.7795,66380180,0.019532,0.027968,5,1.0,384.0,0.94,172.0,0.0,0.0,0.0,1.0,False
TSLA,2025-W49,430.14,455.0,5.7795,4.4088,68523440,0.011416,0.018167,5,1.0,35271.0,0.93,1975.0,0.0,0.0,0.0,1.0,True
TSLA,2025-W50,439.58,458.96,4.4088,1.2392,69285380,0.001968,0.02409,5,2.0,337.5,0.87,232.0,0.0,0.0,0.0,2.0,False
TSLA,2025-W51,475.31,481.2,1.2392,-2.7704,105422900,0.010018,0.035524,5,,,,,,,,,False
TSLA,2025-W52,488.73,475.19,-2.7704,-4.6928,57298240,-0.00244,0.013226,5,2.0,602.0,0.96,146.5,0.0,0.0,0.0,2.0,False
TSLA,2026-W01,459.64,438.07,-4.6928,-1.4745,61838580,-0.016066,0.013108,5,1.0,12188.0,0.92,1365.0,0.0,0.0,0.0,1.0,True
TSLA,2026-W02,451.67,445.01,-1.4745,-2.5526,68247200,0.00347,0.028207,5,3.0,535.3333333333334,0.89,340.3333333333333,-0.0986666666666666,0.0,1.0,2.0,False
TSLA,2026-W03,448.96,437.5,-2.5526,2.6423,56462940,-0.003361,0.009561,5,1.0,1109.0,0.98,382.0,0.7347,1.0,0.0,0.0,False
TSLA,2026-W04,437.5,449.06,2.6423,-1.1006,63970000,0.005646,0.032217,5,5.0,482.0,0.914,372.0,-0.08808,0.0,1.0,4.0,False
TSLA,2026-W05,435.2,430.41,-1.1006,-2.5367,61260020,-0.008146,0.027469,5,2.0,4936.0,0.98,230.0,-0.2611,1.0,1.0,0.0,True
TSLA,2026-W06,421.81,411.11,-2.5367,0.0288,65145960,-0.008821,0.027989,5,4.0,2108.75,0.9475,455.75,-0.16215,0.0,1.0,3.0,False
TSLA,2026-W07,417.32,417.44,0.0288,-1.3463,57932800,0.003189,0.017828,5,2.0,780.0,0.965,158.5,-0.5719,0.0,2.0,0.0,False
TSLA,2026-W08,417.44,411.82,-1.3463,0.6703,53193220,-0.002684,0.007647,5,3.0,12141.666666666666,0.9566666666666668,1015.0,-0.1973333333333333,1.0,2.0,0.0,True
TSLA,2026-W09,399.83,402.51,0.6703,-1.6339,58712360,-0.004325,0.02437,5,1.0,444.0,0.93,112.0,0.0,0.0,0.0,1.0,False
TSLA,2026-W10,403.32,396.73,-1.6339,-1.8762,60398320,-0.002654,0.024274,5,1.0,3.0,0.58,4.0,0.0,0.0,0.0,1.0,False
TSLA,2026-W11,398.68,391.2,-1.8762,-6.9775,61663080,-0.002649,0.019574,5,3.0,11.0,0.8066666666666666,70.33333333333333,0.1133333333333333,1.0,0.0,2.0,False
TSLA,2026-W12,395.56,367.96,-6.9775,-4.9941,60303760,-0.011991,0.021331,5,1.0,6346.0,0.97,461.0,0.0,0.0,0.0,1.0,True
TSLA,2026-W13,380.85,361.83,-4.9941,,61471360,-0.003022,0.028816,5,,,,,,,,,False
