date,ticker,close,volume
2025-03-03,AAPL,236.9970703125,47184000
2025-03-04,AAPL,234.9061737060547,53798100
2025-03-05,AAPL,234.7169952392578,47227600
2025-03-06,AAPL,234.30877685546875,45170400
2025-03-07,AAPL,238.03256225585938,46273600
2025-03-10,AAPL,226.4928436279297,72071200
2025-03-11,AAPL,219.88165283203125,76137400
2025-03-12,AAPL,216.03842163085938,62547500
2025-03-13,AAPL,208.77008056640625,61368300
2025-03-14,AAPL,212.5635528564453,60107600
2025-03-17,AAPL,213.0713653564453,48073400
2025-03-18,AAPL,211.7670440673828,42432400
2025-03-19,AAPL,214.30596923828125,54385400
2025-03-20,AAPL,213.17091369628906,48862900
2025-03-21,AAPL,217.3228302001953,94127800
2025-03-24,AAPL,219.77215576171875,44299500
2025-03-25,AAPL,222.77903747558594,34493600
2025-03-26,AAPL,220.56866455078125,34466100
2025-03-27,AAPL,222.8786163330078,37094800
2025-03-28,AAPL,216.95440673828125,39818600
2025-03-31,AAPL,221.16607666015625,65299300
2025-04-01,AAPL,222.22145080566406,36412700
2025-04-02,AAPL,222.91842651367188,35905900
2025-04-03,AAPL,202.30824279785156,103419000
2025-04-04,AAPL,187.56253051757812,125910900
2025-04-07,AAPL,180.6725616455078,160466300
2025-04-08,AAPL,171.67178344726562,120859500
2025-04-09,AAPL,197.98709106445312,184395900
2025-04-10,AAPL,189.59365844726562,121880000
2025-04-11,AAPL,197.29013061523438,87435900
2025-04-14,AAPL,201.64117431640625,101352900
2025-04-15,AAPL,201.26280212402344,51343900
2025-04-16,AAPL,193.42697143554688,59732400
2025-04-17,AAPL,196.12521362304688,52164700
2025-04-21,AAPL,192.32177734375,46742500
2025-04-22,AAPL,198.8732452392578,52976400
2025-04-23,AAPL,203.71214294433594,52929200
2025-04-24,AAPL,207.46575927734375,47311000
2025-04-25,AAPL,208.371826171875,38222300
2025-04-28,AAPL,209.2281036376953,38743100
2025-04-29,AAPL,210.29345703125,36827600
2025-04-30,AAPL,211.57786560058594,52286500
2025-05-01,AAPL,212.39430236816406,57365700
2025-05-02,AAPL,204.45889282226562,101010600
2025-05-05,AAPL,198.02691650390625,69018500
2025-05-06,AAPL,197.6485595703125,51216500
2025-05-07,AAPL,195.3983612060547,68536700
2025-05-08,AAPL,196.63299560546875,50478900
2025-05-09,AAPL,197.66848754882812,36453900
2025-05-12,AAPL,210.15048217773438,63775800
2025-05-13,AAPL,212.28399658203125,51909300
2025-05-14,AAPL,211.68582153320312,49325800
2025-05-15,AAPL,210.80850219726562,45029500
2025-05-16,AAPL,210.61907958984375,54737900
2025-05-19,AAPL,208.14659118652344,46140500
2025-05-20,AAPL,206.232421875,42496600
2025-05-21,AAPL,201.47689819335938,59211800
2025-05-22,AAPL,200.74911499023438,46742400
2025-05-23,AAPL,194.6775665283203,78432900
2025-05-27,AAPL,199.60260009765625,56288500
2025-05-28,AAPL,199.8119659423828,45339700
2025-05-29,AAPL,199.34336853027344,51396800
2025-05-30,AAPL,200.24066162109375,70819900
2025-06-02,AAPL,201.08807373046875,35423300
2025-06-03,AAPL,202.6533203125,46381600
2025-06-04,AAPL,202.20468139648438,43604000
2025-06-05,AAPL,200.0213165283203,55126100
2025-06-06,AAPL,203.30133056640625,46607700
2025-06-09,AAPL,200.8388214111328,72862600
2025-06-10,AAPL,202.0551300048828,54672600
2025-06-11,AAPL,198.1769256591797,60989900
2025-06-12,AAPL,198.5956573486328,43904600
2025-06-13,AAPL,195.85400390625,51447300
2025-06-16,AAPL,197.81802368164062,43020700
2025-06-17,AAPL,195.0464630126953,38856200
2025-06-18,AAPL,195.9835968017578,45394700
2025-06-20,AAPL,200.3902130126953,96813500
2025-06-23,AAPL,200.888671875,55814300
2025-06-24,AAPL,199.6923065185547,54064000
2025-06-25,AAPL,200.948486328125,39525700
2025-06-26,AAPL,200.3902130126953,50799100
2025-06-27,AAPL,200.469970703125,73188600
2025-06-30,AAPL,204.5475311279297,91912800
2025-07-01,AAPL,207.18951416015625,78788900
2025-07-02,AAPL,211.7954864501953,67941800
2025-07-03,AAPL,212.90211486816406,34955800
2025-07-07,AAPL,209.31304931640625,50229000
2025-07-08,AAPL,209.3728485107422,42848900
2025-07-09,AAPL,210.4994354248047,48749400
2025-07-10,AAPL,211.7655792236328,44443600
2025-07-11,AAPL,210.51937866210938,39765800
2025-07-14,AAPL,207.987060546875,38840100
2025-07-15,AAPL,208.4755859375,42296300
2025-07-16,AAPL,209.52239990234375,47490500
2025-07-17,AAPL,209.38282775878906,48068100
2025-07-18,AAPL,210.539306640625,48974600
2025-07-21,AAPL,211.83535766601562,51377400
2025-07-22,AAPL,213.74952697753906,46404100
2025-07-23,AAPL,213.5002899169922,46989300
2025-07-24,AAPL,213.11148071289062,46022600
2025-07-25,AAPL,213.23110961914062,40268800
2025-07-28,AAPL,213.40061950683594,37858000
2025-07-29,AAPL,210.62904357910156,51411700
2025-07-30,AAPL,208.41578674316406,45512500
2025-07-31,AAPL,206.9402618408203,80698400
2025-08-01,AAPL,201.76600646972656,104434500
2025-08-04,AAPL,202.7330780029297,75109300
2025-08-05,AAPL,202.3043670654297,44155100
2025-08-06,AAPL,212.60302734375,108483100
2025-08-07,AAPL,219.36245727539062,90224800
2025-08-08,AAPL,228.6541748046875,113854000
2025-08-11,AAPL,226.747802734375,61806100
2025-08-12,AAPL,229.21310424804688,55626200
2025-08-13,AAPL,232.88612365722656,69878500
2025-08-14,AAPL,232.337158203125,51916300
2025-08-15,AAPL,231.1494140625,56038700
2025-08-18,AAPL,230.4507598876953,37476200
2025-08-19,AAPL,230.1213836669922,39402600
2025-08-20,AAPL,225.5800323486328,42263900
2025-08-21,AAPL,224.47215270996094,30621200
2025-08-22,AAPL,227.3267059326172,42477800
2025-08-25,AAPL,226.72784423828125,30983100
2025-08-26,AAPL,228.87376403808594,54575100
2025-08-27,AAPL,230.05152893066406,31259500
2025-08-28,AAPL,232.11758422851562,38074700
2025-08-29,AAPL,231.69837951660156,39418400
2025-09-02,AAPL,229.28298950195312,44075600
2025-09-03,AAPL,238.01634216308594,66427800
2025-09-04,AAPL,239.32383728027344,47549400
2025-09-05,AAPL,239.2340087890625,54870400
2025-09-08,AAPL,237.42745971679688,48999500
2025-09-09,AAPL,233.9041748046875,66313900
2025-09-10,AAPL,226.35855102539062,83440800
2025-09-11,AAPL,229.59239196777344,50208600
2025-09-12,AAPL,233.6247100830078,55824200
2025-09-15,AAPL,236.24969482421875,42699500
2025-09-16,AAPL,237.6969451904297,63421100
2025-09-17,AAPL,238.5353546142578,46508000
2025-09-18,AAPL,237.42745971679688,44249600
2025-09-19,AAPL,245.032958984375,163741300
2025-09-22,AAPL,255.5928192138672,105517400
2025-09-23,AAPL,253.9459686279297,60275200
2025-09-24,AAPL,251.8300018310547,42303700
2025-09-25,AAPL,256.3813171386719,55202100
2025-09-26,AAPL,254.97401428222656,46076300
2025-09-29,AAPL,253.9459686279297,40127700
2025-09-30,AAPL,254.14559936523438,37704300
2025-10-01,AAPL,254.9640350341797,48713900
2025-10-02,AAPL,256.6408386230469,42630200
2025-10-03,AAPL,257.5291442871094,49155600
2025-10-06,AAPL,256.20166015625,44664100
2025-10-07,AAPL,255.99209594726562,31955800
2025-10-08,AAPL,257.569091796875,36496900
2025-10-09,AAPL,253.55670166015625,38322000
2025-10-10,AAPL,244.80340576171875,61999100
2025-10-13,AAPL,247.18885803222656,38142900
2025-10-14,AAPL,247.29864501953125,35478000
2025-10-15,AAPL,248.86566162109375,33893600
2025-10-16,AAPL,246.97926330566406,39777000
2025-10-17,AAPL,251.81002807617188,49147000
2025-10-20,AAPL,261.7411193847656,90483000
2025-10-21,AAPL,262.27008056640625,46695900
2025-10-22,AAPL,257.9583435058594,45015300
2025-10-23,AAPL,259.0861511230469,32754900
2025-10-24,AAPL,262.3200378417969,38253700
2025-10-27,AAPL,268.2986145019531,44888200
2025-10-28,AAPL,268.4882507324219,41534800
2025-10-29,AAPL,269.1869201660156,51086700
2025-10-30,AAPL,270.8836669921875,69886500
2025-10-31,AAPL,269.85565185546875,86167100
2025-11-03,AAPL,268.53814697265625,50194600
2025-11-04,AAPL,269.5262756347656,49274800
2025-11-05,AAPL,269.6260986328125,43683100
2025-11-06,AAPL,269.25677490234375,51204000
2025-11-07,AAPL,267.9592590332031,48227400
2025-11-10,AAPL,269.1781311035156,41312400
2025-11-11,AAPL,274.99267578125,46208300
2025-11-12,AAPL,273.21435546875,48398000
2025-11-13,AAPL,272.6948547363281,49602800
2025-11-14,AAPL,272.15533447265625,47431300
2025-11-17,AAPL,267.2099609375,45018300
2025-11-18,AAPL,267.19000244140625,45677300
2025-11-19,AAPL,268.3089294433594,40424500
2025-11-20,AAPL,266.0010986328125,45823600
2025-11-21,AAPL,271.2361755371094,59030800
2025-11-24,AAPL,275.6620788574219,65585800
2025-11-25,AAPL,276.7110900878906,46914200
2025-11-26,AAPL,277.29052734375,33431400
2025-11-28,AAPL,278.5893249511719,20135600
2025-12-01,AAPL,282.8353576660156,46587700
2025-12-02,AAPL,285.9224548339844,53669500
2025-12-03,AAPL,283.8843688964844,43538700
2025-12-04,AAPL,280.4375915527344,43989100
2025-12-05,AAPL,278.5193786621094,47265800
2025-12-08,AAPL,277.6302185058594,38211800
2025-12-09,AAPL,276.9208679199219,32193300
2025-12-10,AAPL,278.5193786621094,33038300
2025-12-11,AAPL,277.77008056640625,33248000
2025-12-12,AAPL,278.0198669433594,39532900
2025-12-15,AAPL,273.8537292480469,50409100
2025-12-16,AAPL,274.353271484375,37648600
2025-12-17,AAPL,271.58587646484375,50138700
2025-12-18,AAPL,271.935546875,51630700
2025-12-19,AAPL,273.4141845703125,144632000
2025-12-22,AAPL,270.7166748046875,36571800
2025-12-23,AAPL,272.1053771972656,29642000
2025-12-24,AAPL,273.55401611328125,17910600
2025-12-26,AAPL,273.1444091796875,21521800
2025-12-29,AAPL,273.50408935546875,23715200
2025-12-30,AAPL,272.82470703125,22139600
2025-12-31,AAPL,271.6058349609375,27293600
2026-01-02,AAPL,270.75665283203125,37838100
2026-01-05,AAPL,267.0101623535156,45647200
2026-01-06,AAPL,262.1147155761719,52352100
2026-01-07,AAPL,260.08660888671875,48309800
2026-01-08,AAPL,258.7978515625,50419300
2026-01-09,AAPL,259.1275329589844,39997000
2026-01-12,AAPL,260.0067138671875,45263800
2026-01-13,AAPL,260.8059387207031,45730800
2026-01-14,AAPL,259.71697998046875,40019400
2026-01-15,AAPL,257.9685974121094,39388600
2026-01-16,AAPL,255.29112243652344,72142800
2026-01-20,AAPL,246.46937561035156,80267500
2026-01-21,AAPL,247.41848754882812,54641700
2026-01-22,AAPL,248.1178436279297,39708300
2026-01-23,AAPL,247.80812072753906,41689000
2026-01-26,AAPL,255.17123413085938,55969200
2026-01-27,AAPL,258.0285339355469,49648300
2026-01-28,AAPL,256.2002868652344,41288000
2026-01-29,AAPL,258.0385437011719,67253000
2026-01-30,AAPL,259.2374267578125,92443400
2026-02-02,AAPL,269.7575988769531,73913400
2026-02-03,AAPL,269.22808837890625,64394700
2026-02-04,AAPL,276.23150634765625,90545700
2026-02-05,AAPL,275.6520690917969,52977400
2026-02-06,AAPL,277.8599853515625,50453400
2026-02-09,AAPL,274.6199951171875,44623400
2026-02-10,AAPL,273.67999267578125,34376900
2026-02-11,AAPL,275.5,51931300
2026-02-12,AAPL,261.7300109863281,81077200
2026-02-13,AAPL,255.77999877929688,56290700
2026-02-17,AAPL,263.8800048828125,58469100
2026-02-18,AAPL,264.3500061035156,34203300
2026-02-19,AAPL,260.5799865722656,30845300
2026-02-20,AAPL,264.5799865722656,42070500
2026-02-23,AAPL,266.17999267578125,37308200
2026-02-24,AAPL,272.1400146484375,47014600
2026-02-25,AAPL,274.2300109863281,33714300
2026-02-26,AAPL,272.95001220703125,32345100
2026-02-27,AAPL,264.17999267578125,72366500
2026-03-02,AAPL,264.7200012207031,41827900
2026-03-03,AAPL,263.75,38568900
2026-03-04,AAPL,262.5199890136719,39803100
2026-03-05,AAPL,260.2900085449219,49658600
2026-03-06,AAPL,257.4599914550781,41120000
2026-03-09,AAPL,259.8800048828125,38218500
2026-03-10,AAPL,260.8299865722656,30590800
2026-03-11,AAPL,260.80999755859375,26218900
2026-03-12,AAPL,255.75999450683594,40794000
2026-03-13,AAPL,250.1199951171875,36930000
2026-03-16,AAPL,252.82000732421875,32074200
2026-03-17,AAPL,254.22999572753906,32361600
2026-03-18,AAPL,249.94000244140625,35757900
2026-03-19,AAPL,248.9600067138672,34864100
2026-03-20,AAPL,247.99000549316406,88331100
2026-03-23,AAPL,251.49000549316406,40546100
2026-03-24,AAPL,251.63999938964844,45152300
2026-03-25,AAPL,252.6199951171875,28476700
2026-03-26,AAPL,252.88999938964844,41796700
2026-03-27,AAPL,248.8000030517578,47900000
2025-03-03,AMZN,205.02000427246094,42948400
2025-03-04,AMZN,203.8000030517578,60853100
2025-03-05,AMZN,208.36000061035156,38610100
2025-03-06,AMZN,200.6999969482422,49863800
2025-03-07,AMZN,199.25,59802800
2025-03-10,AMZN,194.5399932861328,62350900
2025-03-11,AMZN,196.58999633789062,54002900
2025-03-12,AMZN,198.88999938964844,43679300
2025-03-13,AMZN,193.88999938964844,41270800
2025-03-14,AMZN,197.9499969482422,38096700
2025-03-17,AMZN,195.74000549316406,47341800
2025-03-18,AMZN,192.82000732421875,40414900
2025-03-19,AMZN,195.5399932861328,39442900
2025-03-20,AMZN,194.9499969482422,38921100
2025-03-21,AMZN,196.2100067138672,60056900
2025-03-24,AMZN,203.25999450683594,41625400
2025-03-25,AMZN,205.7100067138672,31171200
2025-03-26,AMZN,201.1300048828125,32855300
2025-03-27,AMZN,201.36000061035156,27317700
2025-03-28,AMZN,192.72000122070312,52548200
2025-03-31,AMZN,190.25999450683594,63547600
2025-04-01,AMZN,192.1699981689453,41267300
2025-04-02,AMZN,196.00999450683594,53679200
2025-04-03,AMZN,178.41000366210938,95553600
2025-04-04,AMZN,171.0,123159400
2025-04-07,AMZN,175.25999450683594,109327100
2025-04-08,AMZN,170.66000366210938,87710400
2025-04-09,AMZN,191.10000610351562,116804300
2025-04-10,AMZN,181.22000122070312,68302000
2025-04-11,AMZN,184.8699951171875,50594300
2025-04-14,AMZN,182.1199951171875,48002500
2025-04-15,AMZN,179.58999633789062,43642000
2025-04-16,AMZN,174.3300018310547,51875300
2025-04-17,AMZN,172.61000061035156,44726500
2025-04-21,AMZN,167.32000732421875,48126100
2025-04-22,AMZN,173.17999267578125,56607200
2025-04-23,AMZN,180.60000610351562,63470100
2025-04-24,AMZN,186.5399932861328,43763200
2025-04-25,AMZN,188.99000549316406,36414300
2025-04-28,AMZN,187.6999969482422,33224700
2025-04-29,AMZN,187.38999938964844,41667300
2025-04-30,AMZN,184.4199981689453,55176500
2025-05-01,AMZN,190.1999969482422,74266000
2025-05-02,AMZN,189.97999572753906,77903500
2025-05-05,AMZN,186.35000610351562,35217500
2025-05-06,AMZN,185.00999450683594,29314100
2025-05-07,AMZN,188.7100067138672,43948600
2025-05-08,AMZN,192.0800018310547,41043600
2025-05-09,AMZN,193.05999755859375,29663100
2025-05-12,AMZN,208.63999938964844,75205000
2025-05-13,AMZN,211.3699951171875,56193700
2025-05-14,AMZN,210.25,38492100
2025-05-15,AMZN,205.1699981689453,64347300
2025-05-16,AMZN,205.58999633789062,43318500
2025-05-19,AMZN,206.16000366210938,34314800
2025-05-20,AMZN,204.07000732421875,29470400
2025-05-21,AMZN,201.1199951171875,42460900
2025-05-22,AMZN,203.10000610351562,38938900
2025-05-23,AMZN,200.99000549316406,33393500
2025-05-27,AMZN,206.02000427246094,34892000
2025-05-28,AMZN,204.72000122070312,28549800
2025-05-29,AMZN,205.6999969482422,34650000
2025-05-30,AMZN,205.00999450683594,51679400
2025-06-02,AMZN,206.64999389648438,29113300
2025-06-03,AMZN,205.7100067138672,33139100
2025-06-04,AMZN,207.22999572753906,29915600
2025-06-05,AMZN,207.91000366210938,51864200
2025-06-06,AMZN,213.57000732421875,39832500
2025-06-09,AMZN,216.97999572753906,38102500
2025-06-10,AMZN,217.61000061035156,31303300
2025-06-11,AMZN,213.1999969482422,39326000
2025-06-12,AMZN,213.24000549316406,27640000
2025-06-13,AMZN,212.10000610351562,29337800
2025-06-16,AMZN,216.10000610351562,33284200
2025-06-17,AMZN,214.82000732421875,32086300
2025-06-18,AMZN,212.52000427246094,44360500
2025-06-20,AMZN,209.69000244140625,75350700
2025-06-23,AMZN,208.47000122070312,37311700
2025-06-24,AMZN,212.77000427246094,38378800
2025-06-25,AMZN,211.99000549316406,31755700
2025-06-26,AMZN,217.1199951171875,50480800
2025-06-27,AMZN,223.3000030517578,119217100
2025-06-30,AMZN,219.38999938964844,58887800
2025-07-01,AMZN,220.4600067138672,39256800
2025-07-02,AMZN,219.9199981689453,30894200
2025-07-03,AMZN,223.41000366210938,29632400
2025-07-07,AMZN,223.47000122070312,36604100
2025-07-08,AMZN,219.36000061035156,45692000
2025-07-09,AMZN,222.5399932861328,38155100
2025-07-10,AMZN,222.25999450683594,30370600
2025-07-11,AMZN,225.02000427246094,50518300
2025-07-14,AMZN,225.69000244140625,35702600
2025-07-15,AMZN,226.35000610351562,34907300
2025-07-16,AMZN,223.19000244140625,39535900
2025-07-17,AMZN,223.8800048828125,31855800
2025-07-18,AMZN,226.1300048828125,37833800
2025-07-21,AMZN,229.3000030517578,40297600
2025-07-22,AMZN,227.47000122070312,37483700
2025-07-23,AMZN,228.2899932861328,28294900
2025-07-24,AMZN,232.22999572753906,42902300
2025-07-25,AMZN,231.44000244140625,28712100
2025-07-28,AMZN,232.7899932861328,26300100
2025-07-29,AMZN,231.00999450683594,33716200
2025-07-30,AMZN,230.19000244140625,32993300
2025-07-31,AMZN,234.11000061035156,104357300
2025-08-01,AMZN,214.75,122258800
2025-08-04,AMZN,211.64999389648438,77890100
2025-08-05,AMZN,213.75,51505100
2025-08-06,AMZN,222.30999755859375,54823000
2025-08-07,AMZN,223.1300048828125,40603500
2025-08-08,AMZN,222.69000244140625,32970500
2025-08-11,AMZN,221.3000030517578,31646200
2025-08-12,AMZN,221.47000122070312,37185800
2025-08-13,AMZN,224.55999755859375,36508300
2025-08-14,AMZN,230.97999572753906,61545800
2025-08-15,AMZN,231.02999877929688,39649200
2025-08-18,AMZN,231.49000549316406,25248900
2025-08-19,AMZN,228.00999450683594,29891000
2025-08-20,AMZN,223.80999755859375,36604300
2025-08-21,AMZN,221.9499969482422,32140500
2025-08-22,AMZN,228.83999633789062,37315300
2025-08-25,AMZN,227.94000244140625,22633700
2025-08-26,AMZN,228.7100067138672,26105400
2025-08-27,AMZN,229.1199951171875,21254500
2025-08-28,AMZN,231.60000610351562,33679600
2025-08-29,AMZN,229.0,26199200
2025-09-02,AMZN,225.33999633789062,38843900
2025-09-03,AMZN,225.99000549316406,29223100
2025-09-04,AMZN,235.67999267578125,59391800
2025-09-05,AMZN,232.3300018310547,36721800
2025-09-08,AMZN,235.83999633789062,33947100
2025-09-09,AMZN,238.24000549316406,27033800
2025-09-10,AMZN,230.3300018310547,60907700
2025-09-11,AMZN,229.9499969482422,37485600
2025-09-12,AMZN,228.14999389648438,38496200
2025-09-15,AMZN,231.42999267578125,33243300
2025-09-16,AMZN,234.0500030517578,38203900
2025-09-17,AMZN,231.6199951171875,42815200
2025-09-18,AMZN,231.22999572753906,37931700
2025-09-19,AMZN,231.47999572753906,97943200
2025-09-22,AMZN,227.6300048828125,45914500
2025-09-23,AMZN,220.7100067138672,70956200
2025-09-24,AMZN,220.2100067138672,49509000
2025-09-25,AMZN,218.14999389648438,52226300
2025-09-26,AMZN,219.77999877929688,41650100
2025-09-29,AMZN,222.1699981689453,44259200
2025-09-30,AMZN,219.57000732421875,48396400
2025-10-01,AMZN,220.6300048828125,43933800
2025-10-02,AMZN,222.41000366210938,41258600
2025-10-03,AMZN,219.50999450683594,43639000
2025-10-06,AMZN,220.89999389648438,43690900
2025-10-07,AMZN,221.77999877929688,31194700
2025-10-08,AMZN,225.22000122070312,46686000
2025-10-09,AMZN,227.74000549316406,46412100
2025-10-10,AMZN,216.3699951171875,72367500
2025-10-13,AMZN,220.07000732421875,37809700
2025-10-14,AMZN,216.38999938964844,45665600
2025-10-15,AMZN,215.57000732421875,45909500
2025-10-16,AMZN,214.47000122070312,42414600
2025-10-17,AMZN,213.0399932861328,45986900
2025-10-20,AMZN,216.47999572753906,38882800
2025-10-21,AMZN,222.02999877929688,50494600
2025-10-22,AMZN,217.9499969482422,44308500
2025-10-23,AMZN,221.08999633789062,31540000
2025-10-24,AMZN,224.2100067138672,38685100
2025-10-27,AMZN,226.97000122070312,38267000
2025-10-28,AMZN,229.25,47100000
2025-10-29,AMZN,230.3000030517578,52036200
2025-10-30,AMZN,222.86000061035156,102252900
2025-10-31,AMZN,244.22000122070312,166340800
2025-11-03,AMZN,254.0,95997800
2025-11-04,AMZN,249.32000732421875,51546300
2025-11-05,AMZN,250.1999969482422,40610700
2025-11-06,AMZN,243.0399932861328,46004200
2025-11-07,AMZN,244.41000366210938,46374300
2025-11-10,AMZN,248.39999389648438,36476500
2025-11-11,AMZN,249.10000610351562,23564100
2025-11-12,AMZN,244.1999969482422,31190100
2025-11-13,AMZN,237.5800018310547,41401700
2025-11-14,AMZN,234.69000244140625,38956700
2025-11-17,AMZN,232.8699951171875,59919000
2025-11-18,AMZN,222.5500030517578,60608400
2025-11-19,AMZN,222.69000244140625,58335600
2025-11-20,AMZN,217.13999938964844,50309000
2025-11-21,AMZN,220.69000244140625,68490500
2025-11-24,AMZN,226.27999877929688,54318400
2025-11-25,AMZN,229.6699981689453,39379300
2025-11-26,AMZN,229.16000366210938,38497900
2025-11-28,AMZN,233.22000122070312,20292300
2025-12-01,AMZN,233.8800048828125,42904000
2025-12-02,AMZN,234.4199981689453,45785400
2025-12-03,AMZN,232.3800048828125,35495100
2025-12-04,AMZN,229.11000061035156,45683200
2025-12-05,AMZN,229.52999877929688,33117400
2025-12-08,AMZN,226.88999938964844,35019200
2025-12-09,AMZN,227.9199981689453,25841700
2025-12-10,AMZN,231.77999877929688,38790700
2025-12-11,AMZN,230.27999877929688,28249600
2025-12-12,AMZN,226.19000244140625,35639100
2025-12-15,AMZN,222.5399932861328,47286100
2025-12-16,AMZN,222.55999755859375,39298900
2025-12-17,AMZN,221.27000427246094,44034400
2025-12-18,AMZN,226.75999450683594,50272400
2025-12-19,AMZN,227.35000610351562,85544400
2025-12-22,AMZN,228.42999267578125,32261300
2025-12-23,AMZN,232.13999938964844,29230200
2025-12-24,AMZN,232.3800048828125,11420500
2025-12-26,AMZN,232.52000427246094,15994700
2025-12-29,AMZN,232.07000732421875,19797900
2025-12-30,AMZN,232.52999877929688,21910500
2025-12-31,AMZN,230.82000732421875,24383700
2026-01-02,AMZN,226.5,51456200
2026-01-05,AMZN,233.05999755859375,49733300
2026-01-06,AMZN,240.92999267578125,53764700
2026-01-07,AMZN,241.55999755859375,42236500
2026-01-08,AMZN,246.2899932861328,39509800
2026-01-09,AMZN,247.3800048828125,34560000
2026-01-12,AMZN,246.47000122070312,35867800
2026-01-13,AMZN,242.60000610351562,38371800
2026-01-14,AMZN,236.64999389648438,41410600
2026-01-15,AMZN,238.17999267578125,43003600
2026-01-16,AMZN,239.1199951171875,45888300
2026-01-20,AMZN,231.0,47737900
2026-01-21,AMZN,231.30999755859375,47276100
2026-01-22,AMZN,234.33999633789062,31913300
2026-01-23,AMZN,239.16000366210938,33778500
2026-01-26,AMZN,238.4199981689453,32825500
2026-01-27,AMZN,244.67999267578125,38029200
2026-01-28,AMZN,243.00999450683594,40882700
2026-01-29,AMZN,241.72999572753906,47229600
2026-01-30,AMZN,239.3000030517578,46585000
2026-02-02,AMZN,242.9600067138672,37546100
2026-02-03,AMZN,238.6199951171875,53831300
2026-02-04,AMZN,232.99000549316406,51299900
2026-02-05,AMZN,222.69000244140625,103509200
2026-02-06,AMZN,210.32000732421875,179210900
2026-02-09,AMZN,208.72000122070312,91178400
2026-02-10,AMZN,206.9600067138672,67175000
2026-02-11,AMZN,204.0800018310547,65545500
2026-02-12,AMZN,199.60000610351562,83975400
2026-02-13,AMZN,198.7899932861328,66321600
2026-02-17,AMZN,201.14999389648438,69879200
2026-02-18,AMZN,204.7899932861328,51003300
2026-02-19,AMZN,204.86000061035156,35669600
2026-02-20,AMZN,210.11000061035156,65881600
2026-02-23,AMZN,205.27000427246094,53581500
2026-02-24,AMZN,208.55999755859375,41137200
2026-02-25,AMZN,210.63999938964844,41346400
2026-02-26,AMZN,207.9199981689453,47756800
2026-02-27,AMZN,210.0,57422800
2026-03-02,AMZN,208.38999938964844,46001000
2026-03-03,AMZN,208.72999572753906,43184900
2026-03-04,AMZN,216.82000732421875,54731100
2026-03-05,AMZN,218.94000244140625,60943400
2026-03-06,AMZN,213.2100067138672,51152700
2026-03-09,AMZN,213.49000549316406,54642900
2026-03-10,AMZN,214.3300018310547,35678800
2026-03-11,AMZN,212.64999389648438,34199300
2026-03-12,AMZN,209.52999877929688,44349500
2026-03-13,AMZN,207.6699981689453,35662100
2026-03-16,AMZN,211.74000549316406,42209300
2026-03-17,AMZN,215.1999969482422,44969900
2026-03-18,AMZN,209.8699951171875,37846600
2026-03-19,AMZN,208.75999450683594,36440600
2026-03-20,AMZN,205.3699951171875,63694600
2026-03-23,AMZN,210.13999938964844,44277400
2026-03-24,AMZN,207.24000549316406,35351400
2026-03-25,AMZN,211.7100067138672,36388800
2026-03-26,AMZN,207.5399932861328,46746000
2026-03-27,AMZN,199.33999633789062,56009800
2025-03-03,TSLA,284.6499938964844,115551400
2025-03-04,TSLA,272.0400085449219,126706600
2025-03-05,TSLA,279.1000061035156,94042900
2025-03-06,TSLA,263.45001220703125,98451600
2025-03-07,TSLA,262.6700134277344,102369600
2025-03-10,TSLA,222.14999389648438,189076900
2025-03-11,TSLA,230.5800018310547,174896400
2025-03-12,TSLA,248.08999633789062,142215700
2025-03-13,TSLA,240.67999267578125,114813500
2025-03-14,TSLA,249.97999572753906,100242300
2025-03-17,TSLA,238.00999450683594,111900600
2025-03-18,TSLA,225.30999755859375,111477600
2025-03-19,TSLA,235.86000061035156,111993800
2025-03-20,TSLA,236.25999450683594,99028300
2025-03-21,TSLA,248.7100067138672,132728700
2025-03-24,TSLA,278.3900146484375,169079900
2025-03-25,TSLA,288.1400146484375,150361500
2025-03-26,TSLA,272.05999755859375,153629800
2025-03-27,TSLA,273.1300048828125,162572100
2025-03-28,TSLA,263.54998779296875,123809400
2025-03-31,TSLA,259.1600036621094,134008900
2025-04-01,TSLA,268.4599914550781,146486900
2025-04-02,TSLA,282.760009765625,212787800
2025-04-03,TSLA,267.2799987792969,136174300
2025-04-04,TSLA,239.42999267578125,181229400
2025-04-07,TSLA,233.2899932861328,183453800
2025-04-08,TSLA,221.86000061035156,171603500
2025-04-09,TSLA,272.20001220703125,219433400
2025-04-10,TSLA,252.39999389648438,181722600
2025-04-11,TSLA,252.30999755859375,128948100
2025-04-14,TSLA,252.35000610351562,100135200
2025-04-15,TSLA,254.11000061035156,79594300
2025-04-16,TSLA,241.5500030517578,112378700
2025-04-17,TSLA,241.3699951171875,83404800
2025-04-21,TSLA,227.5,97768000
2025-04-22,TSLA,237.97000122070312,120858500
2025-04-23,TSLA,250.74000549316406,150381900
2025-04-24,TSLA,259.510009765625,94464200
2025-04-25,TSLA,284.95001220703125,167560700
2025-04-28,TSLA,285.8800048828125,151731800
2025-04-29,TSLA,292.0299987792969,108906600
2025-04-30,TSLA,282.1600036621094,128961100
2025-05-01,TSLA,280.5199890136719,99659000
2025-05-02,TSLA,287.2099914550781,114454700
2025-05-05,TSLA,280.260009765625,94618900
2025-05-06,TSLA,275.3500061035156,76715800
2025-05-07,TSLA,276.2200012207031,71592600
2025-05-08,TSLA,284.82000732421875,97539400
2025-05-09,TSLA,298.260009765625,132387800
2025-05-12,TSLA,318.3800048828125,112826700
2025-05-13,TSLA,334.07000732421875,136992600
2025-05-14,TSLA,347.67999267578125,136997300
2025-05-15,TSLA,342.82000732421875,97882600
2025-05-16,TSLA,349.9800109863281,95895700
2025-05-19,TSLA,342.0899963378906,88869900
2025-05-20,TSLA,343.82000732421875,131715500
2025-05-21,TSLA,334.6199951171875,102354800
2025-05-22,TSLA,341.0400085449219,97113400
2025-05-23,TSLA,339.3399963378906,84654800
2025-05-27,TSLA,362.8900146484375,120146400
2025-05-28,TSLA,356.8999938964844,91404300
2025-05-29,TSLA,358.42999267578125,88087800
2025-05-30,TSLA,346.4599914550781,123474900
2025-06-02,TSLA,342.69000244140625,81873800
2025-06-03,TSLA,344.2699890136719,99324500
2025-06-04,TSLA,332.04998779296875,98912100
2025-06-05,TSLA,284.70001220703125,287499800
2025-06-06,TSLA,295.1400146484375,164747700
2025-06-09,TSLA,308.5799865722656,140908900
2025-06-10,TSLA,326.0899963378906,151256500
2025-06-11,TSLA,326.42999267578125,122611400
2025-06-12,TSLA,319.1099853515625,105127500
2025-06-13,TSLA,325.30999755859375,128964300
2025-06-16,TSLA,329.1300048828125,83925900
2025-06-17,TSLA,316.3500061035156,88282700
2025-06-18,TSLA,322.04998779296875,95137700
2025-06-20,TSLA,322.1600036621094,108688000
2025-06-23,TSLA,348.67999267578125,190716800
2025-06-24,TSLA,340.4700012207031,114736200
2025-06-25,TSLA,327.54998779296875,119845100
2025-06-26,TSLA,325.7799987792969,80440900
2025-06-27,TSLA,323.6300048828125,89067000
2025-06-30,TSLA,317.6600036621094,76695100
2025-07-01,TSLA,300.7099914550781,145085700
2025-07-02,TSLA,315.6499938964844,119483700
2025-07-03,TSLA,315.3500061035156,58042300
2025-07-07,TSLA,293.94000244140625,131177900
2025-07-08,TSLA,297.80999755859375,103246700
2025-07-09,TSLA,295.8800048828125,75586800
2025-07-10,TSLA,309.8699951171875,104365300
2025-07-11,TSLA,313.510009765625,79236400
2025-07-14,TSLA,316.8999938964844,78043400
2025-07-15,TSLA,310.7799987792969,77556300
2025-07-16,TSLA,321.6700134277344,97284800
2025-07-17,TSLA,319.4100036621094,73922900
2025-07-18,TSLA,329.6499938964844,94255000
2025-07-21,TSLA,328.489990234375,75768800
2025-07-22,TSLA,332.1099853515625,77370400
2025-07-23,TSLA,332.55999755859375,92553800
2025-07-24,TSLA,305.29998779296875,156966000
2025-07-25,TSLA,316.05999755859375,148227000
2025-07-28,TSLA,325.5899963378906,112673800
2025-07-29,TSLA,321.20001220703125,87358900
2025-07-30,TSLA,319.0400085449219,83931900
2025-07-31,TSLA,308.2699890136719,85270900
2025-08-01,TSLA,302.6300048828125,89121400
2025-08-04,TSLA,309.260009765625,78683900
2025-08-05,TSLA,308.7200012207031,57961300
2025-08-06,TSLA,319.9100036621094,78523600
2025-08-07,TSLA,322.2699890136719,66658700
2025-08-08,TSLA,329.6499938964844,91200300
2025-08-11,TSLA,339.0299987792969,105320200
2025-08-12,TSLA,340.8399963378906,80522100
2025-08-13,TSLA,339.3800048828125,67838900
2025-08-14,TSLA,335.5799865722656,75000700
2025-08-15,TSLA,330.55999755859375,74319800
2025-08-18,TSLA,335.1600036621094,56956600
2025-08-19,TSLA,329.30999755859375,75956000
2025-08-20,TSLA,323.8999938964844,77481800
2025-08-21,TSLA,320.1099853515625,55744400
2025-08-22,TSLA,340.010009765625,94016300
2025-08-25,TSLA,346.6000061035156,86670000
2025-08-26,TSLA,351.6700134277344,76651600
2025-08-27,TSLA,349.6000061035156,65519000
2025-08-28,TSLA,345.9800109863281,67903200
2025-08-29,TSLA,333.8699951171875,81145700
2025-09-02,TSLA,329.3599853515625,58392000
2025-09-03,TSLA,334.0899963378906,88733300
2025-09-04,TSLA,338.5299987792969,60711000
2025-09-05,TSLA,350.8399963378906,108989800
2025-09-08,TSLA,346.3999938964844,75208300
2025-09-09,TSLA,346.9700012207031,53816000
2025-09-10,TSLA,347.7900085449219,72121700
2025-09-11,TSLA,368.80999755859375,103756000
2025-09-12,TSLA,395.94000244140625,168156400
2025-09-15,TSLA,410.0400085449219,163823700
2025-09-16,TSLA,421.6199951171875,104285700
2025-09-17,TSLA,425.8599853515625,106133500
2025-09-18,TSLA,416.8500061035156,90454500
2025-09-19,TSLA,426.07000732421875,93131000
2025-09-22,TSLA,434.2099914550781,97108800
2025-09-23,TSLA,425.8500061035156,83422700
2025-09-24,TSLA,442.7900085449219,93133600
2025-09-25,TSLA,423.3900146484375,96746400
2025-09-26,TSLA,440.3999938964844,101628200
2025-09-29,TSLA,443.2099914550781,79491500
2025-09-30,TSLA,444.7200012207031,74358000
2025-10-01,TSLA,459.4599914550781,98122300
2025-10-02,TSLA,436.0,137009000
2025-10-03,TSLA,429.8299865722656,133188200
2025-10-06,TSLA,453.25,85324900
2025-10-07,TSLA,433.0899963378906,102296100
2025-10-08,TSLA,438.69000244140625,71192100
2025-10-09,TSLA,435.5400085449219,69339900
2025-10-10,TSLA,413.489990234375,112107900
2025-10-13,TSLA,435.8999938964844,79552800
2025-10-14,TSLA,429.239990234375,72669400
2025-10-15,TSLA,435.1499938964844,71558200
2025-10-16,TSLA,428.75,77189900
2025-10-17,TSLA,439.30999755859375,89331600
2025-10-20,TSLA,447.42999267578125,63719000
2025-10-21,TSLA,442.6000061035156,54412200
2025-10-22,TSLA,438.9700012207031,84023500
2025-10-23,TSLA,448.9800109863281,126709800
2025-10-24,TSLA,433.7200012207031,94727800
2025-10-27,TSLA,452.4200134277344,105867500
2025-10-28,TSLA,460.54998779296875,80185700
2025-10-29,TSLA,461.510009765625,67983500
2025-10-30,TSLA,440.1000061035156,72447900
2025-10-31,TSLA,456.55999755859375,83135800
2025-11-03,TSLA,468.3699951171875,84595200
2025-11-04,TSLA,444.260009765625,87756600
2025-11-05,TSLA,462.07000732421875,85573000
2025-11-06,TSLA,445.9100036621094,109622900
2025-11-07,TSLA,429.5199890136719,103471500
2025-11-10,TSLA,445.2300109863281,76515900
2025-11-11,TSLA,439.6199951171875,60533200
2025-11-12,TSLA,430.6000061035156,58513500
2025-11-13,TSLA,401.989990234375,118948000
2025-11-14,TSLA,404.3500061035156,105506700
2025-11-17,TSLA,408.9200134277344,102214300
2025-11-18,TSLA,401.25,80688600
2025-11-19,TSLA,403.989990234375,72047700
2025-11-20,TSLA,395.2300109863281,113548800
2025-11-21,TSLA,391.0899963378906,100460600
2025-11-24,TSLA,417.7799987792969,96806400
2025-11-25,TSLA,419.3999938964844,71915600
2025-11-26,TSLA,426.5799865722656,63463000
2025-11-28,TSLA,430.1700134277344,36252900
2025-12-01,TSLA,430.1400146484375,57463600
2025-12-02,TSLA,429.239990234375,69336600
2025-12-03,TSLA,446.739990234375,87483000
2025-12-04,TSLA,454.5299987792969,71906500
2025-12-05,TSLA,455.0,56427500
2025-12-08,TSLA,439.5799865722656,69165800
2025-12-09,TSLA,445.1700134277344,62367400
2025-12-10,TSLA,451.45001220703125,63257500
2025-12-11,TSLA,446.8900146484375,55979500
2025-12-12,TSLA,458.9599914550781,95656700
2025-12-15,TSLA,475.30999755859375,114542200
2025-12-16,TSLA,489.8800048828125,107608100
2025-12-17,TSLA,467.260009765625,106490400
2025-12-18,TSLA,483.3699951171875,95168400
2025-12-19,TSLA,481.20001220703125,103305400
2025-12-22,TSLA,488.7300109863281,86916100
2025-12-23,TSLA,485.55999755859375,58223600
2025-12-24,TSLA,485.3999938964844,41285400
2025-12-26,TSLA,475.19000244140625,58780700
2025-12-29,TSLA,459.6400146484375,66263000
2025-12-30,TSLA,454.42999267578125,59238500
2025-12-31,TSLA,449.7200012207031,49078000
2026-01-02,TSLA,438.07000732421875,85535400
2026-01-05,TSLA,451.6700134277344,67940800
2026-01-06,TSLA,432.9599914550781,89093800
2026-01-07,TSLA,431.4100036621094,59828800
2026-01-08,TSLA,435.79998779296875,57041100
2026-01-09,TSLA,445.010009765625,67331500
2026-01-12,TSLA,448.9599914550781,61649600
2026-01-13,TSLA,447.20001220703125,53719200
2026-01-14,TSLA,439.20001220703125,57259500
2026-01-15,TSLA,438.57000732421875,49465800
2026-01-16,TSLA,437.5,60220600
2026-01-20,TSLA,419.25,63187300
2026-01-21,TSLA,431.44000244140625,68124000
2026-01-22,TSLA,449.3599853515625,71546700
2026-01-23,TSLA,449.05999755859375,56771400
2026-01-26,TSLA,435.20001220703125,49397400
2026-01-27,TSLA,430.8999938964844,37733100
2026-01-28,TSLA,431.4599914550781,54857400
2026-01-29,TSLA,416.55999755859375,81686100
2026-01-30,TSLA,430.4100036621094,82626100
2026-02-02,TSLA,421.80999755859375,58739500
2026-02-03,TSLA,421.9599914550781,56886500
2026-02-04,TSLA,406.010009765625,74606900
2026-02-05,TSLA,397.2099914550781,72819800
2026-02-06,TSLA,411.1099853515625,62677100
2026-02-09,TSLA,417.32000732421875,54484300
2026-02-10,TSLA,425.2099914550781,64450200
2026-02-11,TSLA,428.2699890136719,57362000
2026-02-12,TSLA,417.07000732421875,61933400
2026-02-13,TSLA,417.44000244140625,51434100
2026-02-17,TSLA,410.6300048828125,59678800
2026-02-18,TSLA,411.32000732421875,45921400
2026-02-19,TSLA,411.7099914550781,51019600
2026-02-20,TSLA,411.82000732421875,57912200
2026-02-23,TSLA,399.8299865722656,69680000
2026-02-24,TSLA,409.3800048828125,58579500
2026-02-25,TSLA,417.3999938964844,54809700
2026-02-26,TSLA,408.5799865722656,53602500
2026-02-27,TSLA,402.510009765625,56890100
2026-03-02,TSLA,403.32000732421875,55088300
2026-03-03,TSLA,392.42999267578125,62617300
2026-03-04,TSLA,405.94000244140625,68305500
2026-03-05,TSLA,405.54998779296875,51925900
2026-03-06,TSLA,396.7300109863281,64054600
2026-03-09,TSLA,398.67999267578125,67018900
2026-03-10,TSLA,399.239990234375,59258700
2026-03-11,TSLA,407.82000732421875,62559900
2026-03-12,TSLA,395.010009765625,60973800
2026-03-13,TSLA,391.20001220703125,58504100
2026-03-16,TSLA,395.55999755859375,58068300
2026-03-17,TSLA,399.2699890136719,46890500
2026-03-18,TSLA,392.7799987792969,50853100
2026-03-19,TSLA,380.29998779296875,67078300
2026-03-20,TSLA,367.9599914550781,78628600
2026-03-23,TSLA,380.8500061035156,74606000
2026-03-24,TSLA,383.0299987792969,60004900
2026-03-25,TSLA,385.95001220703125,55157300
2026-03-26,TSLA,372.1099853515625,55522900
2026-03-27,TSLA,361.8299865722656,62065700
