date,ticker,close,volume,daily_return,MA7,MA30
2025-03-03,AAPL,236.9970703125,47184000,,236.9971,236.9971
2025-03-04,AAPL,234.9061737060547,53798100,-0.008822,235.9516,235.9516
2025-03-05,AAPL,234.7169952392578,47227600,-0.000805,235.5401,235.5401
2025-03-06,AAPL,234.30877685546875,45170400,-0.001739,235.2323,235.2323
2025-03-07,AAPL,238.03256225585938,46273600,0.015893,235.7923,235.7923
2025-03-10,AAPL,226.4928436279297,72071200,-0.04848,234.2424,234.2424
2025-03-11,AAPL,219.88165283203125,76137400,-0.029189,232.1909,232.1909
2025-03-12,AAPL,216.03842163085938,62547500,-0.017479,229.1968,230.1718
2025-03-13,AAPL,208.77008056640625,61368300,-0.033644,225.463,227.7938
2025-03-14,AAPL,212.5635528564453,60107600,0.018171,222.2983,226.2708
2025-03-17,AAPL,213.0713653564453,48073400,0.002389,219.2644,225.0709
2025-03-18,AAPL,211.7670440673828,42432400,-0.006122,215.5121,223.9622
2025-03-19,AAPL,214.30596923828125,54385400,0.011989,213.7712,223.2194
2025-03-20,AAPL,213.17091369628906,48862900,-0.005296,212.8125,222.5017
2025-03-21,AAPL,217.3228302001953,94127800,0.019477,212.996,222.1564
2025-03-24,AAPL,219.77215576171875,44299500,0.01127,214.5677,222.0074
2025-03-25,AAPL,222.77903747558594,34493600,0.013682,216.027,222.0528
2025-03-26,AAPL,220.56866455078125,34466100,-0.009922,217.0981,221.9703
2025-03-27,AAPL,222.8786163330078,37094800,0.010473,218.6855,222.0181
2025-03-28,AAPL,216.95440673828125,39818600,-0.02658,219.0638,221.765
2025-03-31,AAPL,221.16607666015625,65299300,0.019413,220.206,221.7364
2025-04-01,AAPL,222.22145080566406,36412700,0.004772,220.9058,221.7585
2025-04-02,AAPL,222.91842651367188,35905900,0.003136,221.3552,221.8089
2025-04-03,AAPL,202.30824279785156,103419000,-0.092456,218.4308,220.9964
2025-04-04,AAPL,187.56253051757812,125910900,-0.072887,213.7157,219.659
2025-04-07,AAPL,180.6725616455078,160466300,-0.036734,207.6862,218.1596
2025-04-08,AAPL,171.67178344726562,120859500,-0.049818,201.2173,216.4378
2025-04-09,AAPL,197.98709106445312,184395900,0.153288,197.906,215.7788
2025-04-10,AAPL,189.59365844726562,121880000,-0.042394,193.2449,214.8759
2025-04-11,AAPL,197.29013061523438,87435900,0.040595,189.5837,214.2897
2025-04-14,AAPL,201.64117431640625,101352900,0.022054,189.4884,213.1112
2025-04-15,AAPL,201.26280212402344,51343900,-0.001876,191.4456,211.9897
2025-04-16,AAPL,193.42697143554688,59732400,-0.038933,193.2677,210.6134
2025-04-17,AAPL,196.12521362304688,52164700,0.01395,196.761,209.3406
2025-04-18,AAPL,196.12521362304688,52164700,0.0,196.495,207.9437
2025-04-21,AAPL,192.32177734375,46742500,-0.019393,196.8848,206.8047
2025-04-22,AAPL,198.8732452392578,52976400,0.034065,197.1109,206.1044
2025-04-23,AAPL,203.71214294433594,52929200,0.024332,197.4068,205.6935
2025-04-24,AAPL,207.46575927734375,47311000,0.018426,198.2929,205.65
2025-04-25,AAPL,208.371826171875,38222300,0.004367,200.4279,205.5103
2025-04-28,AAPL,209.2281036376953,38743100,0.004109,202.2997,205.3822
2025-04-29,AAPL,210.29345703125,36827600,0.005092,204.3238,205.3331
2025-04-30,AAPL,211.57786560058594,52286500,0.006108,207.0746,205.2421
2025-05-01,AAPL,212.39430236816406,57365700,0.003859,209.0062,205.2163
2025-05-02,AAPL,204.45889282226562,101010600,-0.037362,209.1129,204.7875
2025-05-05,AAPL,198.02691650390625,69018500,-0.031459,207.7645,204.0626
2025-05-06,AAPL,197.6485595703125,51216500,-0.001911,206.2326,203.2249
2025-05-07,AAPL,195.3983612060547,68536700,-0.011385,204.2569,202.3859
2025-05-08,AAPL,196.63299560546875,50478900,0.006319,202.3054,201.5111
2025-05-09,AAPL,197.66848754882812,36453900,0.005266,200.3184,200.8682
2025-05-12,AAPL,210.15048217773438,63775800,0.063146,199.9978,200.501
2025-05-13,AAPL,212.28399658203125,51909300,0.010152,201.1157,200.1698
2025-05-14,AAPL,211.68582153320312,49325800,-0.002818,203.067,199.7953
2025-05-15,AAPL,210.80850219726562,45029500,-0.004144,204.9469,200.0787
2025-05-16,AAPL,210.61907958984375,54737900,-0.000899,207.1213,200.8472
2025-05-19,AAPL,208.14659118652344,46140500,-0.011739,208.7661,201.763
2025-05-20,AAPL,206.232421875,42496600,-0.009196,209.9896,202.9151
2025-05-21,AAPL,201.47689819335938,59211800,-0.023059,208.7505,203.0314
2025-05-22,AAPL,200.74911499023438,46742400,-0.003612,207.1026,203.4032
2025-05-23,AAPL,194.6775665283203,78432900,-0.030244,204.6729,203.3162
2025-05-26,AAPL,194.6775665283203,78432900,0.0,202.3685,203.084
2025-05-27,AAPL,199.60260009765625,56288500,0.025298,200.7947,203.0287
2025-05-28,AAPL,199.8119659423828,45339700,0.001049,199.604,203.2415
2025-05-29,AAPL,199.34336853027344,51396800,-0.002345,198.6199,203.3488
2025-05-30,AAPL,200.24066162109375,70819900,0.004501,198.4433,203.486
2025-06-02,AAPL,201.08807373046875,35423300,0.004232,198.4917,203.7782
2025-06-03,AAPL,202.6533203125,46381600,0.007784,199.6311,203.9042
2025-06-04,AAPL,202.20468139648438,43604000,-0.002214,200.7064,203.8539
2025-06-05,AAPL,200.0213165283203,55126100,-0.010798,200.7662,203.6058
2025-06-06,AAPL,203.30133056640625,46607700,0.016398,201.2647,203.4368
2025-06-09,AAPL,200.8388214111328,72862600,-0.012113,201.4783,203.1571
2025-06-10,AAPL,202.0551300048828,54672600,0.006056,201.7375,202.8825
2025-06-11,AAPL,198.1769256591797,60989900,-0.019194,201.3216,202.4358
2025-06-12,AAPL,198.5956573486328,43904600,0.002113,200.742,201.9759
2025-06-13,AAPL,195.85400390625,51447300,-0.013805,199.8347,201.689
2025-06-16,AAPL,197.81802368164062,43020700,0.010028,199.52,201.6821
2025-06-17,AAPL,195.0464630126953,38856200,-0.014011,198.3407,201.5953
2025-06-18,AAPL,195.9835968017578,45394700,0.004805,197.6471,201.6148
2025-06-19,AAPL,195.9835968017578,45394700,0.0,196.7798,201.5932
2025-06-20,AAPL,200.3902130126953,96813500,0.022485,197.0959,201.6839
2025-06-23,AAPL,200.888671875,55814300,0.002487,197.4235,201.3752
2025-06-24,AAPL,199.6923065185547,54064000,-0.005955,197.9718,200.9555
2025-06-25,AAPL,200.948486328125,39525700,0.006291,198.419,200.5976
2025-06-26,AAPL,200.3902130126953,50799100,-0.002778,199.1824,200.2503
2025-06-27,AAPL,200.469970703125,73188600,0.000398,199.8234,199.912
2025-06-30,AAPL,204.5475311279297,91912800,0.02034,201.0468,199.792
2025-07-01,AAPL,207.18951416015625,78788900,0.012916,202.0181,199.8239
2025-07-02,AAPL,211.7954864501953,67941800,0.022231,203.5762,200.1679
2025-07-03,AAPL,212.90211486816406,34955800,0.005225,205.4633,200.573
2025-07-04,AAPL,212.90211486816406,34955800,0.0,207.171,201.1805
2025-07-07,AAPL,209.31304931640625,50229000,-0.016858,208.4457,201.6683
2025-07-08,AAPL,209.3728485107422,42848900,0.000286,209.7175,201.994
2025-07-09,AAPL,210.4994354248047,48749400,0.005381,210.5678,202.3502
2025-07-10,AAPL,211.7655792236328,44443600,0.006015,211.2215,202.7643
2025-07-11,AAPL,210.51937866210938,39765800,-0.005885,211.0392,203.1069
2025-07-14,AAPL,207.987060546875,38840100,-0.012029,210.3371,203.3369
2025-07-15,AAPL,208.4755859375,42296300,0.002349,209.7047,203.531
2025-07-16,AAPL,209.52239990234375,47490500,0.005021,209.7346,203.7749
2025-07-17,AAPL,209.38282775878906,48068100,-0.000666,209.736,204.0869
2025-07-18,AAPL,210.539306640625,48974600,0.005523,209.7417,204.3282
2025-07-21,AAPL,211.83535766601562,51377400,0.006156,209.7517,204.6948
2025-07-22,AAPL,213.74952697753906,46404100,0.009036,210.2132,205.0846
2025-07-23,AAPL,213.5002899169922,46989300,-0.001166,211.0008,205.5954
2025-07-24,AAPL,213.11148071289062,46022600,-0.001821,211.663,206.0792
2025-07-25,AAPL,213.23110961914062,40268800,0.000561,212.1928,206.6585
2025-07-28,AAPL,213.40061950683594,37858000,0.000795,212.7668,207.1779
2025-07-29,AAPL,210.62904357910156,51411700,-0.012988,212.7796,207.6973
2025-07-30,AAPL,208.41578674316406,45512500,-0.010508,212.2911,208.1117
2025-07-31,AAPL,206.9402618408203,80698400,-0.00708,211.3184,208.4769
2025-08-01,AAPL,201.76600646972656,104434500,-0.025004,209.642,208.5228
2025-08-04,AAPL,202.7330780029297,75109300,0.004793,208.1594,208.5843
2025-08-05,AAPL,202.3043670654297,44155100,-0.002115,206.5985,208.6713
2025-08-06,AAPL,212.60302734375,108483100,0.050907,206.4845,209.0598
2025-08-07,AAPL,219.36245727539062,90224800,0.031794,207.7321,209.6922
2025-08-08,AAPL,228.6541748046875,113854000,0.042358,210.6233,210.6317
2025-08-11,AAPL,226.747802734375,61806100,-0.008337,213.453,211.3717
2025-08-12,AAPL,229.21310424804688,55626200,0.010872,217.374,212.1058
2025-08-13,AAPL,232.88612365722656,69878500,0.016024,221.6816,212.8088
2025-08-14,AAPL,232.337158203125,51916300,-0.002357,225.972,213.4567
2025-08-15,AAPL,231.1494140625,56038700,-0.005112,228.6215,214.0649
2025-08-18,AAPL,230.4507598876953,37476200,-0.003023,230.2055,214.7695
2025-08-19,AAPL,230.1213836669922,39402600,-0.001429,230.4151,215.4611
2025-08-20,AAPL,225.5800323486328,42263900,-0.019735,230.2483,215.9638
2025-08-21,AAPL,224.47215270996094,30621200,-0.004911,229.571,216.3874
2025-08-22,AAPL,227.3267059326172,42477800,0.012717,228.7768,216.9476
2025-08-25,AAPL,226.72784423828125,30983100,-0.002634,227.9755,217.5723
2025-08-26,AAPL,228.87376403808594,54575100,0.009465,227.6504,218.2522
2025-08-27,AAPL,230.05152893066406,31259500,0.005146,227.5933,218.9365
2025-08-28,AAPL,232.11758422851562,38074700,0.008981,227.8785,219.6944
2025-08-29,AAPL,231.69837951660156,39418400,-0.001806,228.7526,220.3997
2025-09-01,AAPL,231.69837951660156,39418400,0.0,229.7849,221.0618
2025-09-02,AAPL,229.28298950195312,44075600,-0.010425,230.0644,221.5796
2025-09-03,AAPL,238.01634216308594,66427800,0.03809,231.677,222.3968
2025-09-04,AAPL,239.32383728027344,47549400,0.005493,233.1699,223.2705
2025-09-05,AAPL,239.2340087890625,54870400,-0.000375,234.4816,224.1373
2025-09-08,AAPL,237.42745971679688,48999500,-0.007551,235.2402,224.9382
2025-09-09,AAPL,233.9041748046875,66313900,-0.014839,235.5553,225.714
2025-09-10,AAPL,226.35855102539062,83440800,-0.032259,234.7925,226.3121
2025-09-11,AAPL,229.59239196777344,50208600,0.014286,234.8367,227.0672
2025-09-12,AAPL,233.6247100830078,55824200,0.017563,234.2093,228.1291
2025-09-15,AAPL,236.24969482421875,42699500,0.011236,233.7701,229.2463
2025-09-16,AAPL,237.6969451904297,63421100,0.006126,233.5506,230.4261
2025-09-17,AAPL,238.5353546142578,46508000,0.003527,233.7088,231.2905
2025-09-18,AAPL,237.42745971679688,44249600,-0.004645,234.2122,231.8927
2025-09-19,AAPL,245.032958984375,163741300,0.032033,236.8799,232.4386
2025-09-22,AAPL,255.5928192138672,105517400,0.043096,240.5943,233.4001
2025-09-23,AAPL,253.9459686279297,60275200,-0.006443,243.4973,234.2246
2025-09-24,AAPL,251.8300018310547,42303700,-0.008332,245.7231,234.856
2025-09-25,AAPL,256.3813171386719,55202100,0.018073,248.3923,235.6575
2025-09-26,AAPL,254.97401428222656,46076300,-0.005489,250.7406,236.4517
2025-09-29,AAPL,253.9459686279297,40127700,-0.004032,253.1004,237.2348
2025-09-30,AAPL,254.14559936523438,37704300,0.000786,254.4022,238.0356
2025-10-01,AAPL,254.9640350341797,48713900,0.00322,254.3124,239.0151
2025-10-02,AAPL,256.6408386230469,42630200,0.006577,254.6974,240.0874
2025-10-03,AAPL,257.5291442871094,49155600,0.003461,255.5116,241.0941
2025-10-06,AAPL,256.20166015625,44664100,-0.005155,255.4859,242.0766
2025-10-07,AAPL,255.99209594726562,31955800,-0.000818,255.6313,242.9805
2025-10-08,AAPL,257.569091796875,36496900,0.00616,256.1489,243.8978
2025-10-09,AAPL,253.55670166015625,38322000,-0.015578,256.0648,244.6124
2025-10-10,AAPL,244.80340576171875,61999100,-0.034522,254.6133,245.0493
2025-10-13,AAPL,247.18885803222656,38142900,0.009744,253.263,245.5656
2025-10-14,AAPL,247.29864501953125,35478000,0.000444,251.8015,246.1661
2025-10-15,AAPL,248.86566162109375,33893600,0.006337,250.7535,246.5278
2025-10-16,AAPL,246.97926330566406,39777000,-0.00758,249.4659,246.783
2025-10-17,AAPL,251.81002807617188,49147000,0.019559,248.6432,247.2022
2025-10-20,AAPL,261.7411193847656,90483000,0.039439,249.8124,248.0126
2025-10-21,AAPL,262.27008056640625,46695900,0.002021,252.3077,248.9581
2025-10-22,AAPL,257.9583435058594,45015300,-0.01644,253.8462,250.0115
2025-10-23,AAPL,259.0861511230469,32754900,0.004372,255.5301,250.9946
2025-10-24,AAPL,262.3200378417969,38253700,0.012482,257.4521,251.9511
2025-10-27,AAPL,268.2986145019531,44888200,0.022791,260.4978,253.0194
2025-10-28,AAPL,268.4882507324219,41534800,0.000707,262.8804,254.0458
2025-10-29,AAPL,269.1869201660156,51086700,0.002602,263.9441,255.0675
2025-10-30,AAPL,270.8836669921875,69886500,0.006303,265.1746,256.1827
2025-10-31,AAPL,269.85565185546875,86167100,-0.003795,266.8742,257.0101
2025-11-03,AAPL,268.53814697265625,50194600,-0.004882,268.2245,257.4416
2025-11-04,AAPL,269.5262756347656,49274800,0.00368,269.2539,257.961
2025-11-05,AAPL,269.6260986328125,43683100,0.00037,269.4436,258.5542
2025-11-06,AAPL,269.25677490234375,51204000,-0.00137,269.5534,258.9834
2025-11-07,AAPL,267.9592590332031,48227400,-0.004819,269.378,259.4162
2025-11-10,AAPL,269.1781311035156,41312400,0.004549,269.1343,259.924
2025-11-11,AAPL,274.99267578125,46208300,0.021601,269.8682,260.6189
2025-11-12,AAPL,273.21435546875,48398000,-0.006467,270.5362,261.2272
2025-11-13,AAPL,272.6948547363281,49602800,-0.001901,270.9889,261.7623
2025-11-14,AAPL,272.15533447265625,47431300,-0.001978,271.3502,262.2499
2025-11-17,AAPL,267.2099609375,45018300,-0.018171,271.0578,262.6168
2025-11-18,AAPL,267.19000244140625,45677300,-7.5e-05,270.9479,262.9901
2025-11-19,AAPL,268.3089294433594,40424500,0.004188,270.8237,263.3481
2025-11-20,AAPL,266.0010986328125,45823600,-0.008601,269.5392,263.7629
2025-11-21,AAPL,271.2361755371094,59030800,0.019681,269.2566,264.644
2025-11-24,AAPL,275.6620788574219,65585800,0.016318,269.6805,265.5931
2025-11-25,AAPL,276.7110900878906,46914200,0.003805,270.3313,266.5735
2025-11-26,AAPL,277.29052734375,33431400,0.002094,271.7714,267.521
2025-11-27,AAPL,277.29052734375,33431400,0.0,273.2143,268.5314
2025-11-28,AAPL,278.5893249511719,20135600,0.004684,274.683,269.424
2025-12-01,AAPL,282.8353576660156,46587700,0.015241,277.0879,270.1272
2025-12-02,AAPL,285.9224548339844,53669500,0.010915,279.1859,270.9156
2025-12-03,AAPL,283.8843688964844,43538700,-0.007128,280.3605,271.7798
2025-12-04,AAPL,280.4375915527344,43989100,-0.012141,280.8929,272.4915
2025-12-05,AAPL,278.5193786621094,47265800,-0.00684,281.0684,273.0315
2025-12-08,AAPL,277.6302185058594,38211800,-0.003192,281.117,273.3425
2025-12-09,AAPL,276.9208679199219,32193300,-0.002555,280.8786,273.6236
2025-12-10,AAPL,278.5193786621094,33038300,0.005772,280.262,273.9347
2025-12-11,AAPL,277.77008056640625,33248000,-0.00269,279.0974,274.1642
2025-12-12,AAPL,278.0198669433594,39532900,0.000899,278.2596,274.4364
2025-12-15,AAPL,273.8537292480469,50409100,-0.014985,277.3191,274.6136
2025-12-16,AAPL,274.353271484375,37648600,0.001824,276.7239,274.7745
2025-12-17,AAPL,271.58587646484375,50138700,-0.010087,275.8604,274.8398
2025-12-18,AAPL,271.935546875,51630700,0.001288,275.1483,274.9291
2025-12-19,AAPL,273.4141845703125,144632000,0.005437,274.4189,275.1109
2025-12-22,AAPL,270.7166748046875,36571800,-0.009866,273.4113,275.1622
2025-12-23,AAPL,272.1053771972656,29642000,0.00513,272.5664,275.0659
2025-12-24,AAPL,273.55401611328125,17910600,0.005324,272.5236,275.0773
2025-12-25,AAPL,273.55401611328125,17910600,0.0,272.4094,275.1059
2025-12-26,AAPL,273.1444091796875,21521800,-0.001497,272.632,275.1389
2025-12-29,AAPL,273.50408935546875,23715200,0.001317,272.8561,275.3487
2025-12-30,AAPL,272.82470703125,22139600,-0.002484,272.7719,275.5365
2025-12-31,AAPL,271.6058349609375,27293600,-0.004468,272.8989,275.6464
2026-01-01,AAPL,271.6058349609375,27293600,0.0,272.8276,275.8332
2026-01-02,AAPL,270.75665283203125,37838100,-0.003127,272.4279,275.8172
2026-01-05,AAPL,267.0101623535156,45647200,-0.013837,271.4931,275.5288
2026-01-06,AAPL,262.1147155761719,52352100,-0.018334,269.9174,275.0423
2026-01-07,AAPL,260.08660888671875,48309800,-0.007737,268.0006,274.4688
2026-01-08,AAPL,258.7978515625,50419300,-0.004955,265.9968,273.8524
2026-01-09,AAPL,259.1275329589844,39997000,0.001274,264.2142,273.2037
2026-01-12,AAPL,260.0067138671875,45263800,0.003393,262.5572,272.4427
2026-01-13,AAPL,260.8059387207031,45730800,0.003074,261.1356,271.6055
2026-01-14,AAPL,259.71697998046875,40019400,-0.004175,260.0938,270.7999
2026-01-15,AAPL,257.9685974121094,39388600,-0.006732,259.5015,270.051
2026-01-16,AAPL,255.29112243652344,72142800,-0.010379,258.8164,269.2767
2026-01-19,AAPL,255.29112243652344,72142800,0.0,258.3154,268.5321
2026-01-20,AAPL,246.46937561035156,80267500,-0.034556,256.5071,267.517
2026-01-21,AAPL,247.41848754882812,54641700,0.003851,254.7088,266.4803
2026-01-22,AAPL,248.1178436279297,39708300,0.002827,252.8962,265.4919
2026-01-23,AAPL,247.80812072753906,41689000,-0.001248,251.195,264.4848
2026-01-26,AAPL,255.17123413085938,55969200,0.029713,250.7953,263.8621
2026-01-27,AAPL,258.0285339355469,49648300,0.011198,251.1864,263.3179
2026-01-28,AAPL,256.2002868652344,41288000,-0.007085,251.3163,262.8051
2026-01-29,AAPL,258.0385437011719,67253000,0.007175,252.969,262.3419
2026-01-30,AAPL,259.2374267578125,92443400,0.004646,254.6574,261.8693
2026-02-02,AAPL,269.7575988769531,73913400,0.040581,257.7488,261.8373
2026-02-03,AAPL,269.22808837890625,64394700,-0.001963,260.8088,261.7414
2026-02-04,AAPL,276.23150634765625,90545700,0.026013,263.8174,261.8307
2026-02-05,AAPL,275.6520690917969,52977400,-0.002098,266.3351,261.9006
2026-02-06,AAPL,277.8599853515625,50453400,0.00801,269.4293,262.0578
2026-02-09,AAPL,274.6199951171875,44623400,-0.011661,271.7981,262.095
2026-02-10,AAPL,273.67999267578125,34376900,-0.003423,273.8613,262.1235
2026-02-11,AAPL,275.5,51931300,0.00665,274.6817,262.2533
2026-02-12,AAPL,261.7300109863281,81077200,-0.049982,273.6105,261.9241
2026-02-13,AAPL,255.77999877929688,56290700,-0.022733,270.6889,261.4249
2026-02-16,AAPL,255.77999877929688,56290700,0.0,267.85,261.0505
2026-02-17,AAPL,263.8800048828125,58469100,0.031668,265.8529,261.1094
2026-02-18,AAPL,264.3500061035156,34203300,0.001781,264.3857,261.2515
2026-02-19,AAPL,260.5799865722656,30845300,-0.014261,262.5143,261.3109
2026-02-20,AAPL,264.5799865722656,42070500,0.01535,260.9543,261.4927
2026-02-23,AAPL,266.17999267578125,37308200,0.006047,261.59,261.6984
2026-02-24,AAPL,272.1400146484375,47014600,0.022391,263.9271,262.0762
2026-02-25,AAPL,274.2300109863281,33714300,0.00768,266.5629,262.56
2026-02-26,AAPL,272.95001220703125,32345100,-0.004668,267.8586,263.0594
2026-02-27,AAPL,264.17999267578125,72366500,-0.03213,267.8343,263.3557
2026-03-02,AAPL,264.7200012207031,41827900,0.002044,268.4257,263.67
2026-03-03,AAPL,263.75,38568900,-0.003664,268.3071,264.246
2026-03-04,AAPL,262.5199890136719,39803100,-0.004664,267.7843,264.7494
2026-03-05,AAPL,260.2900085449219,49658600,-0.008495,266.0914,265.1551
2026-03-06,AAPL,257.4599914550781,41120000,-0.010873,263.6957,265.4768
2026-03-09,AAPL,259.8800048828125,38218500,0.0094,261.8286,265.6338
2026-03-10,AAPL,260.8299865722656,30590800,0.003655,261.35,265.7272
2026-03-11,AAPL,260.80999755859375,26218900,-7.7e-05,260.7914,265.8808
2026-03-12,AAPL,255.75999450683594,40794000,-0.019363,259.65,265.8049
2026-03-13,AAPL,250.1199951171875,36930000,-0.022052,257.8786,265.501
2026-03-16,AAPL,252.82000732421875,32074200,0.010795,256.8114,264.9364
2026-03-17,AAPL,254.22999572753906,32361600,0.005577,256.35,264.4365
2026-03-18,AAPL,249.94000244140625,35757900,-0.016874,254.93,263.5601
2026-03-19,AAPL,248.9600067138672,34864100,-0.003921,253.2343,262.6703
2026-03-20,AAPL,247.99000549316406,88331100,-0.003896,251.4029,261.6747
2026-03-23,AAPL,251.49000549316406,40546100,0.014113,250.7929,260.9037
2026-03-24,AAPL,251.63999938964844,45152300,0.000596,251.01,260.169
2026-03-25,AAPL,252.6199951171875,28476700,0.003894,250.9814,259.4063
2026-03-26,AAPL,252.88999938964844,41796700,0.001069,250.79,259.1117
2026-03-27,AAPL,248.8000030517578,47900000,-0.016173,250.6271,258.879
2025-03-03,AMZN,205.02000427246094,42948400,,205.02,205.02
2025-03-04,AMZN,203.8000030517578,60853100,-0.005951,204.41,204.41
2025-03-05,AMZN,208.36000061035156,38610100,0.022375,205.7267,205.7267
2025-03-06,AMZN,200.6999969482422,49863800,-0.036763,204.47,204.47
2025-03-07,AMZN,199.25,59802800,-0.007225,203.426,203.426
2025-03-10,AMZN,194.5399932861328,62350900,-0.023639,201.945,201.945
2025-03-11,AMZN,196.58999633789062,54002900,0.010538,201.18,201.18
2025-03-12,AMZN,198.88999938964844,43679300,0.011699,200.3043,200.8937
2025-03-13,AMZN,193.88999938964844,41270800,-0.02514,198.8886,200.1156
2025-03-14,AMZN,197.9499969482422,38096700,0.02094,197.4014,199.899
2025-03-17,AMZN,195.74000549316406,47341800,-0.011164,196.6929,199.5209
2025-03-18,AMZN,192.82000732421875,40414900,-0.014918,195.7743,198.9625
2025-03-19,AMZN,195.5399932861328,39442900,0.014106,195.9171,198.6992
2025-03-20,AMZN,194.9499969482422,38921100,-0.003017,195.6829,198.4314
2025-03-21,AMZN,196.2100067138672,60056900,0.006463,195.3,198.2833
2025-03-24,AMZN,203.25999450683594,41625400,0.035931,196.6386,198.5944
2025-03-25,AMZN,205.7100067138672,31171200,0.012054,197.7471,199.0129
2025-03-26,AMZN,201.1300048828125,32855300,-0.022264,198.5171,199.1306
2025-03-27,AMZN,201.36000061035156,27317700,0.001144,199.7371,199.2479
2025-03-28,AMZN,192.72000122070312,52548200,-0.042908,199.3343,198.9215
2025-03-31,AMZN,190.25999450683594,63547600,-0.012765,198.6643,198.509
2025-04-01,AMZN,192.1699981689453,41267300,0.010039,198.0871,198.2209
2025-04-02,AMZN,196.00999450683594,53679200,0.019982,197.0514,198.1248
2025-04-03,AMZN,178.41000366210938,95553600,-0.089791,193.1514,197.3033
2025-04-04,AMZN,171.0,123159400,-0.041534,188.8471,196.2512
2025-04-07,AMZN,175.25999450683594,109327100,0.024912,185.1186,195.4438
2025-04-08,AMZN,170.66000366210938,87710400,-0.026247,181.9671,194.5259
2025-04-09,AMZN,191.10000610351562,116804300,0.11977,182.0871,194.4036
2025-04-10,AMZN,181.22000122070312,68302000,-0.051701,180.5229,193.949
2025-04-11,AMZN,184.8699951171875,50594300,0.020141,178.9314,193.6463
2025-04-14,AMZN,182.1199951171875,48002500,-0.014875,179.4614,192.883
2025-04-15,AMZN,179.58999633789062,43642000,-0.013892,180.6886,192.076
2025-04-16,AMZN,174.3300018310547,51875300,-0.029289,180.5557,190.9417
2025-04-17,AMZN,172.61000061035156,44726500,-0.009866,180.8343,190.0053
2025-04-18,AMZN,172.61000061035156,44726500,0.0,178.1929,189.1173
2025-04-21,AMZN,167.32000732421875,48126100,-0.030647,176.2071,188.21
2025-04-22,AMZN,173.17999267578125,56607200,0.035023,174.5371,187.4297
2025-04-23,AMZN,180.60000610351562,63470100,0.042846,174.32,186.82
2025-04-24,AMZN,186.5399932861328,43763200,0.03289,175.3129,186.575
2025-04-25,AMZN,188.99000549316406,36414300,0.013134,177.4071,186.2763
2025-04-28,AMZN,187.6999969482422,33224700,-0.006826,179.5629,186.0083
2025-04-29,AMZN,187.38999938964844,41667300,-0.001652,181.6743,185.8273
2025-04-30,AMZN,184.4199981689453,55176500,-0.015849,184.1171,185.4567
2025-05-01,AMZN,190.1999969482422,74266000,0.031341,186.5486,185.2983
2025-05-02,AMZN,189.97999572753906,77903500,-0.001157,187.8886,185.0907
2025-05-05,AMZN,186.35000610351562,35217500,-0.019107,187.8614,184.527
2025-05-06,AMZN,185.00999450683594,29314100,-0.007191,187.2929,183.837
2025-05-07,AMZN,188.7100067138672,43948600,0.019999,187.4371,183.423
2025-05-08,AMZN,192.0800018310547,41043600,0.017858,188.1071,183.1137
2025-05-09,AMZN,193.05999755859375,29663100,0.005102,189.3414,183.125
2025-05-12,AMZN,208.63999938964844,75205000,0.0807,191.9757,183.7377
2025-05-13,AMZN,211.3699951171875,56193700,0.013085,195.0314,184.3777
2025-05-14,AMZN,210.25,38492100,-0.005299,198.4457,184.8523
2025-05-15,AMZN,205.1699981689453,64347300,-0.024162,201.3257,185.7443
2025-05-16,AMZN,205.58999633789062,43318500,0.002047,203.7371,186.8973
2025-05-19,AMZN,206.16000366210938,34314800,0.002773,205.7486,187.9273
2025-05-20,AMZN,204.07000732421875,29470400,-0.010138,207.3214,189.041
2025-05-21,AMZN,201.1199951171875,42460900,-0.014456,206.2471,189.375
2025-05-22,AMZN,203.10000610351562,38938900,0.009845,205.0657,190.1043
2025-05-23,AMZN,200.99000549316406,33393500,-0.010389,203.7429,190.6417
2025-05-26,AMZN,200.99000549316406,33393500,0.0,203.1457,191.2707
2025-05-27,AMZN,206.02000427246094,34892000,0.025026,203.2071,192.1517
2025-05-28,AMZN,204.72000122070312,28549800,-0.00631,203.0014,193.1647
2025-05-29,AMZN,205.6999969482422,34650000,0.004787,203.2343,194.2677
2025-05-30,AMZN,205.00999450683594,51679400,-0.003354,203.79,195.3477
2025-06-02,AMZN,206.64999389648438,29113300,0.008,204.2971,196.6587
2025-06-03,AMZN,205.7100067138672,33139100,-0.004549,204.9714,197.743
2025-06-04,AMZN,207.22999572753906,29915600,0.007389,205.8629,198.6307
2025-06-05,AMZN,207.91000366210938,51864200,0.003281,206.1329,199.343
2025-06-06,AMZN,213.57000732421875,39832500,0.027223,207.3971,200.1623
2025-06-09,AMZN,216.97999572753906,38102500,0.015967,209.0086,201.1383
2025-06-10,AMZN,217.61000061035156,31303300,0.002904,210.8086,202.1457
2025-06-11,AMZN,213.1999969482422,39326000,-0.020266,211.7443,203.105
2025-06-12,AMZN,213.24000549316406,27640000,0.000188,212.82,203.873
2025-06-13,AMZN,212.10000610351562,29337800,-0.005346,213.5157,204.6103
2025-06-16,AMZN,216.10000610351562,33284200,0.018859,214.6857,205.602
2025-06-17,AMZN,214.82000732421875,32086300,-0.005923,214.8643,206.5957
2025-06-18,AMZN,212.52000427246094,44360500,-0.010707,214.2271,207.3893
2025-06-19,AMZN,212.52000427246094,44360500,0.0,213.5,208.0707
2025-06-20,AMZN,209.69000244140625,75350700,-0.013316,212.9986,208.625
2025-06-23,AMZN,208.47000122070312,37311700,-0.005818,212.3171,208.6193
2025-06-24,AMZN,212.77000427246094,38378800,0.020626,212.4129,208.666
2025-06-25,AMZN,211.99000549316406,31755700,-0.003666,211.8257,208.724
2025-06-26,AMZN,217.1199951171875,50480800,0.024199,212.1543,209.1223
2025-06-27,AMZN,223.3000030517578,119217100,0.028464,213.6943,209.7127
2025-06-30,AMZN,219.38999938964844,58887800,-0.01751,214.6757,210.1537
2025-07-01,AMZN,220.4600067138672,39256800,0.004877,216.2143,210.7
2025-07-02,AMZN,219.9199981689453,30894200,-0.002449,217.85,211.3267
2025-07-03,AMZN,223.41000366210938,29632400,0.015869,219.37,212.0037
2025-07-04,AMZN,223.41000366210938,29632400,0.0,221.0014,212.751
2025-07-07,AMZN,223.47000122070312,36604100,0.000269,221.9086,213.5003
2025-07-08,AMZN,219.36000061035156,45692000,-0.018392,221.3457,213.945
2025-07-09,AMZN,222.5399932861328,38155100,0.014497,221.7957,214.539
2025-07-10,AMZN,222.25999450683594,30370600,-0.001258,222.0529,215.091
2025-07-11,AMZN,225.02000427246094,50518300,0.012418,222.7814,215.758
2025-07-14,AMZN,225.69000244140625,35702600,0.002978,223.1071,216.3927
2025-07-15,AMZN,226.35000610351562,34907300,0.002924,223.5271,217.0807
2025-07-16,AMZN,223.19000244140625,39535900,-0.013961,223.4871,217.6127
2025-07-17,AMZN,223.8800048828125,31855800,0.003092,224.1329,218.145
2025-07-18,AMZN,226.1300048828125,37833800,0.01005,224.6457,218.5637
2025-07-21,AMZN,229.3000030517578,40297600,0.014018,225.6514,218.9743
2025-07-22,AMZN,227.47000122070312,37483700,-0.007981,226.0014,219.303
2025-07-23,AMZN,228.2899932861328,28294900,0.003605,226.3729,219.806
2025-07-24,AMZN,232.22999572753906,42902300,0.017259,227.2129,220.439
2025-07-25,AMZN,231.44000244140625,28712100,-0.003402,228.3914,221.0837
2025-07-28,AMZN,232.7899932861328,26300100,0.005833,229.6643,221.64
2025-07-29,AMZN,231.00999450683594,33716200,-0.007646,230.3614,222.1797
2025-07-30,AMZN,230.19000244140625,32993300,-0.00355,230.4886,222.7687
2025-07-31,AMZN,234.11000061035156,104357300,0.017029,231.4371,223.4883
2025-08-01,AMZN,214.75,122258800,-0.082696,229.5029,223.657
2025-08-04,AMZN,211.64999389648438,77890100,-0.014435,226.5629,223.763
2025-08-05,AMZN,213.75,51505100,0.009922,224.0357,223.7957
2025-08-06,AMZN,222.30999755859375,54823000,0.040047,222.5386,224.1397
2025-08-07,AMZN,223.1300048828125,40603500,0.003689,221.4129,224.34
2025-08-08,AMZN,222.69000244140625,32970500,-0.001972,220.3414,224.3197
2025-08-11,AMZN,221.3000030517578,31646200,-0.006242,218.5114,224.3833
2025-08-12,AMZN,221.47000122070312,37185800,0.000768,219.4714,224.417
2025-08-13,AMZN,224.55999755859375,36508300,0.013952,221.3157,224.5717
2025-08-14,AMZN,230.97999572753906,61545800,0.028589,223.7771,224.824
2025-08-15,AMZN,231.02999877929688,39649200,0.000216,225.0229,225.078
2025-08-18,AMZN,231.49000549316406,25248900,0.001991,226.2171,225.3453
2025-08-19,AMZN,228.00999450683594,29891000,-0.015033,226.9771,225.6337
2025-08-20,AMZN,223.80999755859375,36604300,-0.01842,227.3357,225.676
2025-08-21,AMZN,221.9499969482422,32140500,-0.008311,227.4043,225.6657
2025-08-22,AMZN,228.83999633789062,37315300,0.031043,228.0157,225.793
2025-08-25,AMZN,227.94000244140625,22633700,-0.003933,227.5814,225.868
2025-08-26,AMZN,228.7100067138672,26105400,0.003378,227.25,225.9467
2025-08-27,AMZN,229.1199951171875,21254500,0.001793,226.9114,226.1443
2025-08-28,AMZN,231.60000610351562,33679600,0.010824,227.4243,226.4017
2025-08-29,AMZN,229.0,26199200,-0.011226,228.1657,226.4973
2025-09-01,AMZN,229.0,26199200,0.0,229.1729,226.4873
2025-09-02,AMZN,225.33999633789062,38843900,-0.015983,228.6729,226.4163
2025-09-03,AMZN,225.99000549316406,29223100,0.002885,228.3943,226.3397
2025-09-04,AMZN,235.67999267578125,59391800,0.042878,229.39,226.4547
2025-09-05,AMZN,232.3300018310547,36721800,-0.014214,229.8486,226.4843
2025-09-08,AMZN,235.83999633789062,33947100,0.015108,230.4543,226.586
2025-09-09,AMZN,238.24000549316406,27033800,0.010176,231.7743,226.827
2025-09-10,AMZN,230.3300018310547,60907700,-0.033202,231.9643,226.8317
2025-09-11,AMZN,229.9499969482422,37485600,-0.00165,232.6229,226.693
2025-09-12,AMZN,228.14999389648438,38496200,-0.007828,232.9314,227.1397
2025-09-15,AMZN,231.42999267578125,33243300,0.014377,232.3243,227.799
2025-09-16,AMZN,234.0500030517578,38203900,0.011321,232.57,228.4757
2025-09-17,AMZN,231.6199951171875,42815200,-0.010382,231.9671,228.786
2025-09-18,AMZN,231.22999572753906,37931700,-0.001684,230.9657,229.056
2025-09-19,AMZN,231.47999572753906,97943200,0.001081,231.13,229.349
2025-09-22,AMZN,227.6300048828125,45914500,-0.016632,230.7986,229.56
2025-09-23,AMZN,220.7100067138672,70956200,-0.0304,229.7357,229.5347
2025-09-24,AMZN,220.2100067138672,49509000,-0.002265,228.1329,229.3897
2025-09-25,AMZN,218.14999389648438,52226300,-0.009355,225.8614,228.962
2025-09-26,AMZN,219.77999877929688,41650100,0.007472,224.17,228.587
2025-09-29,AMZN,222.1699981689453,44259200,0.010875,222.8757,228.2763
2025-09-30,AMZN,219.57000732421875,48396400,-0.011703,221.1743,227.995
2025-10-01,AMZN,220.6300048828125,43933800,0.004828,220.1743,227.889
2025-10-02,AMZN,222.41000366210938,41258600,0.008068,220.4171,227.9043
2025-10-03,AMZN,219.50999450683594,43639000,-0.013039,220.3171,227.5933
2025-10-06,AMZN,220.89999389648438,43690900,0.006332,220.71,227.3587
2025-10-07,AMZN,221.77999877929688,31194700,0.003984,220.9957,227.1277
2025-10-08,AMZN,225.22000122070312,46686000,0.015511,221.4314,226.9977
2025-10-09,AMZN,227.74000549316406,46412100,0.011189,222.5986,226.869
2025-10-10,AMZN,216.3699951171875,72367500,-0.049925,221.99,226.448
2025-10-13,AMZN,220.07000732421875,37809700,0.0171,221.6557,226.1503
2025-10-14,AMZN,216.38999938964844,45665600,-0.016722,221.21,225.852
2025-10-15,AMZN,215.57000732421875,45909500,-0.003789,220.4486,225.5047
2025-10-16,AMZN,214.47000122070312,42414600,-0.005103,219.4043,224.7977
2025-10-17,AMZN,213.0399932861328,45986900,-0.006668,217.6643,224.1547
2025-10-20,AMZN,216.47999572753906,38882800,0.016147,216.0557,223.5093
2025-10-21,AMZN,222.02999877929688,50494600,0.025637,216.8643,222.969
2025-10-22,AMZN,217.9499969482422,44308500,-0.018376,216.5614,222.5563
2025-10-23,AMZN,221.08999633789062,31540000,0.014407,217.2329,222.261
2025-10-24,AMZN,224.2100067138672,38685100,0.014112,218.4671,222.1297
2025-10-27,AMZN,226.97000122070312,38267000,0.01231,220.2529,221.981
2025-10-28,AMZN,229.25,47100000,0.010045,222.5686,221.821
2025-10-29,AMZN,230.3000030517578,52036200,0.00458,224.5429,221.777
2025-10-30,AMZN,222.86000061035156,102252900,-0.032306,224.6614,221.498
2025-10-31,AMZN,244.22000122070312,166340800,0.095845,228.4143,221.9227
2025-11-03,AMZN,254.0,95997800,0.040046,233.1157,222.8017
2025-11-04,AMZN,249.32000732421875,51546300,-0.018425,236.7029,223.7553
2025-11-05,AMZN,250.1999969482422,40610700,0.00353,240.0214,224.755
2025-11-06,AMZN,243.0399932861328,46004200,-0.028617,241.9914,225.5847
2025-11-07,AMZN,244.41000366210938,46374300,0.005637,244.0071,226.4057
2025-11-10,AMZN,248.39999389648438,36476500,0.016325,247.6557,227.28
2025-11-11,AMZN,249.10000610351562,23564100,0.002818,248.3529,228.2643
2025-11-12,AMZN,244.1999969482422,31190100,-0.019671,246.9529,229.05
2025-11-13,AMZN,237.5800018310547,41401700,-0.027109,245.2757,229.5557
2025-11-14,AMZN,234.69000244140625,38956700,-0.012164,243.06,230.0617
2025-11-17,AMZN,232.8699951171875,59919000,-0.007755,241.6071,230.4607
2025-11-18,AMZN,222.5500030517578,60608400,-0.044317,238.4843,230.4863
2025-11-19,AMZN,222.69000244140625,58335600,0.000629,234.8114,230.402
2025-11-20,AMZN,217.13999938964844,50309000,-0.024923,230.2457,230.0487
2025-11-21,AMZN,220.69000244140625,68490500,0.016349,226.8871,230.1927
2025-11-24,AMZN,226.27999877929688,54318400,0.02533,225.2729,230.3997
2025-11-25,AMZN,229.6699981689453,39379300,0.014981,224.5557,230.8423
2025-11-26,AMZN,229.16000366210938,38497900,-0.002221,224.0257,231.2953
2025-11-27,AMZN,229.16000366210938,38497900,0.0,224.97,231.785
2025-11-28,AMZN,233.22000122070312,20292300,0.017717,226.4743,232.4577
2025-12-01,AMZN,233.8800048828125,42904000,0.00283,228.8657,233.0377
2025-12-02,AMZN,234.4199981689453,45785400,0.002309,230.8271,233.4507
2025-12-03,AMZN,232.3800048828125,35495100,-0.008702,231.6986,233.9317
2025-12-04,AMZN,229.11000061035156,45683200,-0.014072,231.6186,234.199
2025-12-05,AMZN,229.52999877929688,33117400,0.001833,231.6714,234.3763
2025-12-08,AMZN,226.88999938964844,35019200,-0.011502,231.3471,234.3737
2025-12-09,AMZN,227.9199981689453,25841700,0.00454,230.59,234.3293
2025-12-10,AMZN,231.77999877929688,38790700,0.016936,230.29,234.3787
2025-12-11,AMZN,230.27999877929688,28249600,-0.006472,229.6986,234.626
2025-12-12,AMZN,226.19000244140625,35639100,-0.017761,228.8143,234.025
2025-12-15,AMZN,222.5399932861328,47286100,-0.016137,227.8757,232.9763
2025-12-16,AMZN,222.55999755859375,39298900,9e-05,226.88,232.0843
2025-12-17,AMZN,221.27000427246094,44034400,-0.005796,226.0771,231.12
2025-12-18,AMZN,226.75999450683594,50272400,0.024811,225.9114,230.5773
2025-12-19,AMZN,227.35000610351562,85544400,0.002602,225.2786,230.0087
2025-12-22,AMZN,228.42999267578125,32261300,0.00475,225.0143,229.343
2025-12-23,AMZN,232.13999938964844,29230200,0.016241,225.8643,228.7777
2025-12-24,AMZN,232.3800048828125,11420500,0.001034,227.27,228.3837
2025-12-25,AMZN,232.3800048828125,11420500,0.0,228.6729,228.2103
2025-12-26,AMZN,232.52000427246094,15994700,0.000602,230.28,228.138
2025-12-29,AMZN,232.07000732421875,19797900,-0.001935,231.0386,228.1113
2025-12-30,AMZN,232.52999877929688,21910500,0.001982,231.7786,228.444
2025-12-31,AMZN,230.82000732421875,24383700,-0.007354,232.12,228.715
2026-01-01,AMZN,230.82000732421875,24383700,0.0,231.9314,229.171
2026-01-02,AMZN,226.5,51456200,-0.018716,231.0914,229.3647
2026-01-05,AMZN,233.05999755859375,49733300,0.028962,231.1886,229.5907
2026-01-06,AMZN,240.92999267578125,53764700,0.033768,232.39,229.966
2026-01-07,AMZN,241.55999755859375,42236500,0.002615,233.7457,230.3793
2026-01-08,AMZN,246.2899932861328,39509800,0.019581,235.7114,230.9503
2026-01-09,AMZN,247.3800048828125,34560000,0.004426,238.0771,231.4223
2026-01-12,AMZN,246.47000122070312,35867800,-0.003679,240.3129,231.842
2026-01-13,AMZN,242.60000610351562,38371800,-0.015702,242.6129,232.1147
2026-01-14,AMZN,236.64999389648438,41410600,-0.024526,243.1257,232.257
2026-01-15,AMZN,238.17999267578125,43003600,0.006465,242.7329,232.5593
2026-01-16,AMZN,239.1199951171875,45888300,0.003947,242.3843,232.879
2026-01-19,AMZN,239.1199951171875,45888300,0.0,241.36,233.2867
2026-01-20,AMZN,231.0,47737900,-0.033958,239.02,233.3893
2026-01-21,AMZN,231.30999755859375,47276100,0.001342,236.8543,233.3737
2026-01-22,AMZN,234.33999633789062,31913300,0.013099,235.6743,233.509
2026-01-23,AMZN,239.16000366210938,33778500,0.020568,236.0329,233.9413
2026-01-26,AMZN,238.4199981689453,32825500,-0.003094,236.0671,234.4707
2026-01-27,AMZN,244.67999267578125,38029200,0.026256,236.8614,235.208
2026-01-28,AMZN,243.00999450683594,40882700,-0.006825,237.4171,235.9327
2026-01-29,AMZN,241.72999572753906,47229600,-0.005267,238.95,236.4317
2026-01-30,AMZN,239.3000030517578,46585000,-0.010053,240.0914,236.83
2026-02-02,AMZN,242.9600067138672,37546100,0.015295,241.3229,237.3143
2026-02-03,AMZN,238.6199951171875,53831300,-0.017863,241.2457,237.5303
2026-02-04,AMZN,232.99000549316406,51299900,-0.023594,240.47,237.5507
2026-02-05,AMZN,222.69000244140625,103509200,-0.044208,237.3286,237.2277
2026-02-06,AMZN,210.32000732421875,179210900,-0.055548,232.6586,236.4877
2026-02-09,AMZN,208.72000122070312,91178400,-0.007607,227.9429,235.7093
2026-02-10,AMZN,206.9600067138672,67175000,-0.008432,223.3229,234.857
2026-02-11,AMZN,204.0800018310547,65545500,-0.013916,217.7686,233.9657
2026-02-12,AMZN,199.60000610351562,83975400,-0.021952,212.1943,232.925
2026-02-13,AMZN,198.7899932861328,66321600,-0.004058,207.3086,232.0013
2026-02-16,AMZN,198.7899932861328,66321600,0.0,203.8943,230.859
2026-02-17,AMZN,201.14999389648438,69879200,0.011872,202.5843,229.533
2026-02-18,AMZN,204.7899932861328,51003300,0.018096,202.0229,228.3073
2026-02-19,AMZN,204.86000061035156,35669600,0.000342,201.7229,226.9263
2026-02-20,AMZN,210.11000061035156,65881600,0.025627,202.5843,225.684
2026-02-23,AMZN,205.27000427246094,53581500,-0.023036,203.3943,224.3107
2026-02-24,AMZN,208.55999755859375,41137200,0.016028,204.79,223.176
2026-02-25,AMZN,210.63999938964844,41346400,0.009973,206.4829,222.309
2026-02-26,AMZN,207.9199981689453,47756800,-0.012913,207.45,221.3003
2026-02-27,AMZN,210.0,57422800,0.010004,208.1943,220.3297
2026-03-02,AMZN,208.38999938964844,46001000,-0.007667,208.6986,219.3053
2026-03-03,AMZN,208.72999572753906,43184900,0.001632,208.5014,218.563
2026-03-04,AMZN,216.82000732421875,54731100,0.038758,210.1514,218.08
2026-03-05,AMZN,218.94000244140625,60943400,0.009778,211.6343,217.5667
2026-03-06,AMZN,213.2100067138672,51152700,-0.026172,212.0014,216.7017
2026-03-09,AMZN,213.49000549316406,54642900,0.001313,212.7971,215.8707
2026-03-10,AMZN,214.3300018310547,35678800,0.003935,213.4157,214.859
2026-03-11,AMZN,212.64999389648438,34199300,-0.007838,214.0243,213.847
2026-03-12,AMZN,209.52999877929688,44349500,-0.014672,214.1386,212.7737
2026-03-13,AMZN,207.6699981689453,35662100,-0.008877,212.8314,211.7193
2026-03-16,AMZN,211.74000549316406,42209300,0.019598,211.8029,210.6787
2026-03-17,AMZN,215.1999969482422,44969900,0.016341,212.0871,209.898
2026-03-18,AMZN,209.8699951171875,37846600,-0.024768,211.57,209.1273
2026-03-19,AMZN,208.75999450683594,36440600,-0.005289,210.7743,208.663
2026-03-20,AMZN,205.3699951171875,63694600,-0.016239,209.7343,208.498
2026-03-23,AMZN,210.13999938964844,44277400,0.023226,209.8214,208.5453
2026-03-24,AMZN,207.24000549316406,35351400,-0.0138,209.76,208.5547
2026-03-25,AMZN,211.7100067138672,36388800,0.021569,209.7557,208.809
2026-03-26,AMZN,207.5399932861328,46746000,-0.019697,208.6614,209.0737
2026-03-27,AMZN,199.33999633789062,56009800,-0.03951,207.1571,209.092
2025-03-03,TSLA,284.6499938964844,115551400,,284.65,284.65
2025-03-04,TSLA,272.0400085449219,126706600,-0.0443,278.345,278.345
2025-03-05,TSLA,279.1000061035156,94042900,0.025952,278.5967,278.5967
2025-03-06,TSLA,263.45001220703125,98451600,-0.056073,274.81,274.81
2025-03-07,TSLA,262.6700134277344,102369600,-0.002961,272.382,272.382
2025-03-10,TSLA,222.14999389648438,189076900,-0.154262,264.01,264.01
2025-03-11,TSLA,230.5800018310547,174896400,0.037947,259.2343,259.2343
2025-03-12,TSLA,248.08999633789062,142215700,0.075939,254.0114,257.8413
2025-03-13,TSLA,240.67999267578125,114813500,-0.029868,249.5314,255.9344
2025-03-14,TSLA,249.97999572753906,100242300,0.038641,245.3714,255.339
2025-03-17,TSLA,238.00999450683594,111900600,-0.047884,241.7371,253.7636
2025-03-18,TSLA,225.30999755859375,111477600,-0.053359,236.4,251.3925
2025-03-19,TSLA,235.86000061035156,111993800,0.046824,238.3586,250.1977
2025-03-20,TSLA,236.25999450683594,99028300,0.001696,239.17,249.2021
2025-03-21,TSLA,248.7100067138672,132728700,0.052696,239.2586,249.1693
2025-03-24,TSLA,278.3900146484375,169079900,0.119336,244.6457,250.9956
2025-03-25,TSLA,288.1400146484375,150361500,0.035023,250.0971,253.1806
2025-03-26,TSLA,272.05999755859375,153629800,-0.055806,254.9614,254.2294
2025-03-27,TSLA,273.1300048828125,162572100,0.003933,261.7929,255.2242
2025-03-28,TSLA,263.54998779296875,123809400,-0.035075,265.7486,255.6405
2025-03-31,TSLA,259.1600036621094,134008900,-0.016657,269.02,255.8081
2025-04-01,TSLA,268.4599914550781,146486900,0.035885,271.8414,256.3832
2025-04-02,TSLA,282.760009765625,212787800,0.053267,272.4657,257.53
2025-04-03,TSLA,267.2799987792969,136174300,-0.054746,269.4857,257.9363
2025-04-04,TSLA,239.42999267578125,181229400,-0.104198,264.8243,257.196
2025-04-07,TSLA,233.2899932861328,183453800,-0.025644,259.1329,256.2765
2025-04-08,TSLA,221.86000061035156,171603500,-0.048995,253.1771,255.0019
2025-04-09,TSLA,272.20001220703125,219433400,0.2269,255.04,255.6161
2025-04-10,TSLA,252.39999389648438,181722600,-0.072741,252.7457,255.5052
2025-04-11,TSLA,252.30999755859375,128948100,-0.000357,248.3957,255.3987
2025-04-14,TSLA,252.35000610351562,100135200,0.000159,246.2629,254.322
2025-04-15,TSLA,254.11000061035156,79594300,0.006974,248.36,253.7243
2025-04-16,TSLA,241.5500030517578,112378700,-0.049427,249.54,252.4727
2025-04-17,TSLA,241.3699951171875,83404800,-0.000745,252.3271,251.7367
2025-04-18,TSLA,241.3699951171875,83404800,0.0,247.9229,251.0267
2025-04-21,TSLA,227.5,97768000,-0.057464,244.3657,251.205
2025-04-22,TSLA,237.97000122070312,120858500,0.046022,242.3171,251.4513
2025-04-23,TSLA,250.74000549316406,150381900,0.053662,242.0871,251.5397
2025-04-24,TSLA,259.510009765625,94464200,0.034976,242.8586,252.1673
2025-04-25,TSLA,284.95001220703125,167560700,0.098031,249.0586,253.333
2025-04-28,TSLA,285.8800048828125,151731800,0.003264,255.4171,254.9287
2025-04-29,TSLA,292.0299987792969,108906600,0.021513,262.6543,257.1527
2025-04-30,TSLA,282.1600036621094,128961100,-0.033798,270.4629,258.696
2025-05-01,TSLA,280.5199890136719,99659000,-0.005812,276.5414,260.1713
2025-05-02,TSLA,287.2099914550781,114454700,0.023849,281.7514,261.4547
2025-05-05,TSLA,280.260009765625,94618900,-0.024198,284.7157,261.517
2025-05-06,TSLA,275.3500061035156,76715800,-0.017519,283.3443,261.0907
2025-05-07,TSLA,276.2200012207031,71592600,0.00316,281.9643,261.2293
2025-05-08,TSLA,284.82000732421875,97539400,0.031135,280.9343,261.619
2025-05-09,TSLA,298.260009765625,132387800,0.047188,283.2343,262.776
2025-05-12,TSLA,318.3800048828125,112826700,0.067458,288.6429,264.75
2025-05-13,TSLA,334.07000732421875,136992600,0.049281,295.3371,266.937
2025-05-14,TSLA,347.67999267578125,136997300,0.04074,304.9686,269.101
2025-05-15,TSLA,342.82000732421875,97882600,-0.013978,314.6071,271.619
2025-05-16,TSLA,349.9800109863281,95895700,0.020886,325.1443,275.304
2025-05-19,TSLA,342.0899963378906,88869900,-0.022544,333.3257,278.9307
2025-05-20,TSLA,343.82000732421875,131715500,0.005057,339.8343,282.996
2025-05-21,TSLA,334.6199951171875,102354800,-0.026758,342.1543,285.0767
2025-05-22,TSLA,341.0400085449219,97113400,0.019186,343.15,288.0313
2025-05-23,TSLA,339.3399963378906,84654800,-0.004985,341.9586,290.9323
2025-05-26,TSLA,339.3399963378906,84654800,0.0,341.4614,293.832
2025-05-27,TSLA,362.8900146484375,120146400,0.069399,343.3057,297.458
2025-05-28,TSLA,356.8999938964844,91404300,-0.016506,345.4214,301.303
2025-05-29,TSLA,358.42999267578125,88087800,0.004287,347.5086,305.205
2025-05-30,TSLA,346.4599914550781,123474900,-0.033396,349.2,308.708
2025-06-02,TSLA,342.69000244140625,81873800,-0.010881,349.4357,312.5477
2025-06-03,TSLA,344.2699890136719,99324500,0.004611,350.14,316.091
2025-06-04,TSLA,332.04998779296875,98912100,-0.035495,349.0986,318.8013
2025-06-05,TSLA,284.70001220703125,287499800,-0.142599,337.9286,319.641
2025-06-06,TSLA,295.1400146484375,164747700,0.03667,329.1057,319.9807
2025-06-09,TSLA,308.5799865722656,140908900,0.045538,321.9843,320.7373
2025-06-10,TSLA,326.0899963378906,151256500,0.056744,319.0743,321.8727
2025-06-11,TSLA,326.42999267578125,122611400,0.001043,316.7514,323.3483
2025-06-12,TSLA,319.1099853515625,105127500,-0.022424,313.1571,324.6347
2025-06-13,TSLA,325.30999755859375,128964300,0.019429,312.1943,325.9047
2025-06-16,TSLA,329.1300048828125,83925900,0.011743,318.5414,327.5337
2025-06-17,TSLA,316.3500061035156,88282700,-0.03883,321.5714,328.9003
2025-06-18,TSLA,322.04998779296875,95137700,0.018018,323.4957,330.428
2025-06-19,TSLA,322.04998779296875,95137700,0.0,322.9186,331.669
2025-06-20,TSLA,322.1600036621094,108688000,0.000342,322.3086,332.4657
2025-06-23,TSLA,348.67999267578125,190716800,0.082319,326.5329,333.4757
2025-06-24,TSLA,340.4700012207031,114736200,-0.023546,328.6986,333.689
2025-06-25,TSLA,327.54998779296875,119845100,-0.037948,328.4729,333.018
2025-06-26,TSLA,325.7799987792969,80440900,-0.005404,329.82,332.45
2025-06-27,TSLA,323.6300048828125,89067000,-0.0066,330.0457,331.5717
2025-06-30,TSLA,317.6600036621094,76695100,-0.018447,329.4186,330.7573
2025-07-01,TSLA,300.7099914550781,145085700,-0.053359,326.3543,329.3203
2025-07-02,TSLA,315.6499938964844,119483700,0.049682,321.6357,328.688
2025-07-03,TSLA,315.3500061035156,58042300,-0.00095,318.0471,327.8317
2025-07-04,TSLA,315.3500061035156,58042300,0.0,316.3043,327.032
2025-07-07,TSLA,293.94000244140625,131177900,-0.067893,311.7557,325.5187
2025-07-08,TSLA,297.80999755859375,103246700,0.013166,308.0671,323.3493
2025-07-09,TSLA,295.8800048828125,75586800,-0.006481,304.9557,321.3153
2025-07-10,TSLA,309.8699951171875,104365300,0.047283,306.2643,319.6967
2025-07-11,TSLA,313.510009765625,79236400,0.011747,305.9586,318.5983
2025-07-14,TSLA,316.8999938964844,78043400,0.010813,306.18,317.7387
2025-07-15,TSLA,310.7799987792969,77556300,-0.019312,305.5271,316.6223
2025-07-16,TSLA,321.6700134277344,97284800,0.035041,309.4886,316.2763
2025-07-17,TSLA,319.4100036621094,73922900,-0.007026,312.5743,317.4333
2025-07-18,TSLA,329.6499938964844,94255000,0.032059,317.3986,318.5837
2025-07-21,TSLA,328.489990234375,75768800,-0.003519,320.0586,319.2473
2025-07-22,TSLA,332.1099853515625,77370400,0.01102,322.7157,319.448
2025-07-23,TSLA,332.55999755859375,92553800,0.001355,324.9529,319.6523
2025-07-24,TSLA,305.29998779296875,156966000,-0.08197,324.17,319.192
2025-07-25,TSLA,316.05999755859375,148227000,0.035244,323.3686,318.8837
2025-07-28,TSLA,325.5899963378906,112673800,0.030152,324.2514,318.7657
2025-07-29,TSLA,321.20001220703125,87358900,-0.013483,323.0443,318.9273
2025-07-30,TSLA,319.0400085449219,83931900,-0.006725,321.6943,318.827
2025-07-31,TSLA,308.2699890136719,85270900,-0.033758,318.2886,318.3677
2025-08-01,TSLA,302.6300048828125,89121400,-0.018296,314.0129,317.7167
2025-08-04,TSLA,309.260009765625,78683900,0.021908,314.5786,316.4027
2025-08-05,TSLA,308.7200012207031,57961300,-0.001746,313.53,315.3443
2025-08-06,TSLA,319.9100036621094,78523600,0.036246,312.7186,315.0897
2025-08-07,TSLA,322.2699890136719,66658700,0.007377,312.8714,314.9727
2025-08-08,TSLA,329.6499938964844,91200300,0.0229,314.3871,315.1733
2025-08-11,TSLA,339.0299987792969,105320200,0.028454,318.7814,315.8857
2025-08-12,TSLA,340.8399963378906,80522100,0.005339,324.24,317.2233
2025-08-13,TSLA,339.3800048828125,67838900,-0.004284,328.5429,318.0143
2025-08-14,TSLA,335.5799865722656,75000700,-0.011197,332.38,318.6887
2025-08-15,TSLA,330.55999755859375,74319800,-0.014959,333.9014,319.1957
2025-08-18,TSLA,335.1600036621094,56956600,0.013916,335.7429,320.5697
2025-08-19,TSLA,329.30999755859375,75956000,-0.017454,335.6943,321.6197
2025-08-20,TSLA,323.8999938964844,77481800,-0.016428,333.5329,322.5537
2025-08-21,TSLA,320.1099853515625,55744400,-0.011701,330.5714,322.895
2025-08-22,TSLA,340.010009765625,94016300,0.062166,330.6614,323.7783
2025-08-25,TSLA,346.6000061035156,86670000,0.019382,332.2357,324.7683
2025-08-26,TSLA,351.6700134277344,76651600,0.014628,335.2514,326.1313
2025-08-27,TSLA,349.6000061035156,65519000,-0.005886,337.3143,327.0623
2025-08-28,TSLA,345.9800109863281,67903200,-0.010355,339.6957,327.948
2025-08-29,TSLA,333.8699951171875,81145700,-0.035002,341.12,328.0887
2025-09-01,TSLA,333.8699951171875,81145700,0.0,343.0857,328.268
2025-09-02,TSLA,329.3599853515625,58392000,-0.013508,341.5643,328.1763
2025-09-03,TSLA,334.0899963378906,88733300,0.014361,339.7771,328.2273
2025-09-04,TSLA,338.5299987792969,60711000,0.01329,337.9,329.335
2025-09-05,TSLA,350.8399963378906,108989800,0.036363,338.0771,330.4943
2025-09-08,TSLA,346.3999938964844,75208300,-0.012655,338.1371,331.188
2025-09-09,TSLA,346.9700012207031,53816000,0.001646,340.0086,332.047
2025-09-10,TSLA,347.7900085449219,72121700,0.002363,341.9971,333.0053
2025-09-11,TSLA,368.80999755859375,103756000,0.060439,347.6329,335.0233
2025-09-12,TSLA,395.94000244140625,168156400,0.073561,356.4686,338.1337
2025-09-15,TSLA,410.0400085449219,163823700,0.035611,366.6843,341.493
2025-09-16,TSLA,421.6199951171875,104285700,0.028241,376.7957,345.2563
2025-09-17,TSLA,425.8599853515625,106133500,0.010056,388.1471,348.788
2025-09-18,TSLA,416.8500061035156,90454500,-0.021157,398.13,351.9407
2025-09-19,TSLA,426.07000732421875,93131000,0.022118,409.3129,355.1547
2025-09-22,TSLA,434.2099914550781,97108800,0.019105,418.6557,358.3273
2025-09-23,TSLA,425.8500061035156,83422700,-0.019253,422.9286,361.161
2025-09-24,TSLA,442.7900085449219,93133600,0.039779,427.6071,364.608
2025-09-25,TSLA,423.3900146484375,96746400,-0.043813,427.86,367.535
2025-09-26,TSLA,440.3999938964844,101628200,0.040176,429.9371,371.1963
2025-09-29,TSLA,443.2099914550781,79491500,0.006381,433.7029,374.798
2025-09-30,TSLA,444.7200012207031,74358000,0.003407,436.3671,378.645
2025-10-01,TSLA,459.4599914550781,98122300,0.033144,439.9743,383.1637
2025-10-02,TSLA,436.0,137009000,-0.05106,441.4243,387.0267
2025-10-03,TSLA,429.8299865722656,133188200,-0.014151,439.5729,390.0207
2025-10-06,TSLA,453.25,85324900,0.054487,443.8386,393.5757
2025-10-07,TSLA,433.0899963378906,102296100,-0.044479,442.7943,396.2897
2025-10-08,TSLA,438.69000244140625,71192100,0.01293,442.1486,399.2593
2025-10-09,TSLA,435.5400085449219,69339900,-0.00718,440.8371,402.2447
2025-10-10,TSLA,413.489990234375,112107900,-0.050627,434.27,404.8987
2025-10-13,TSLA,435.8999938964844,79552800,0.054197,434.2557,408.2997
2025-10-14,TSLA,429.239990234375,72669400,-0.015279,434.1714,411.629
2025-10-15,TSLA,435.1499938964844,71558200,0.013769,431.5857,414.9977
2025-10-16,TSLA,428.75,77189900,-0.014708,430.9657,418.005
2025-10-17,TSLA,439.30999755859375,89331600,0.02463,431.0543,420.954
2025-10-20,TSLA,447.42999267578125,63719000,0.018484,432.7529,424.3217
2025-10-21,TSLA,442.6000061035156,54412200,-0.010795,436.9114,427.5093
2025-10-22,TSLA,438.9700012207031,84023500,-0.008202,437.35,430.5487
2025-10-23,TSLA,448.9800109863281,126709800,0.022803,440.17,433.221
2025-10-24,TSLA,433.7200012207031,94727800,-0.033988,439.9657,434.4803
2025-10-27,TSLA,452.4200134277344,105867500,0.043115,443.3471,435.893
2025-10-28,TSLA,460.54998779296875,80185700,0.01797,446.3814,437.1907
2025-10-29,TSLA,461.510009765625,67983500,0.002085,448.3929,438.379
2025-10-30,TSLA,440.1000061035156,72447900,-0.046391,448.0357,439.154
2025-10-31,TSLA,456.55999755859375,83135800,0.037401,450.5486,440.1703
2025-11-03,TSLA,468.3699951171875,84595200,0.025867,453.3186,441.309
2025-11-04,TSLA,444.260009765625,87756600,-0.051476,454.8243,441.9227
2025-11-05,TSLA,462.07000732421875,85573000,0.040089,456.2029,442.5653
2025-11-06,TSLA,445.9100036621094,109622900,-0.034973,454.1114,443.316
2025-11-07,TSLA,429.5199890136719,103471500,-0.036756,449.5414,442.9533
2025-11-10,TSLA,445.2300109863281,76515900,0.036576,450.2743,443.0207
2025-11-11,TSLA,439.6199951171875,60533200,-0.0126,447.8543,442.8507
2025-11-12,TSLA,430.6000061035156,58513500,-0.020518,442.4586,441.8887
2025-11-13,TSLA,401.989990234375,118948000,-0.066442,436.42,440.755
2025-11-14,TSLA,404.3500061035156,105506700,0.005871,428.1743,439.9057
2025-11-17,TSLA,408.9200134277344,102214300,0.011302,422.89,438.428
2025-11-18,TSLA,401.25,80688600,-0.018757,418.8514,437.3667
2025-11-19,TSLA,403.989990234375,72047700,0.006829,412.96,436.21
2025-11-20,TSLA,395.2300109863281,113548800,-0.021684,406.6186,434.8663
2025-11-21,TSLA,391.0899963378906,100460600,-0.010475,400.9743,434.1197
2025-11-24,TSLA,417.7799987792969,96806400,0.068245,403.23,433.5157
2025-11-25,TSLA,419.3999938964844,71915600,0.003878,405.38,433.1877
2025-11-26,TSLA,426.5799865722656,63463000,0.01712,407.9029,432.902
2025-11-27,TSLA,426.5799865722656,63463000,0.0,411.5214,432.8297
2025-11-28,TSLA,430.1700134277344,36252900,0.008416,415.2614,432.525
2025-12-01,TSLA,430.1400146484375,57463600,-7e-05,420.2486,431.9487
2025-12-02,TSLA,429.239990234375,69336600,-0.002092,425.6986,431.5033
2025-12-03,TSLA,446.739990234375,87483000,0.04077,429.8357,431.7623
2025-12-04,TSLA,454.5299987792969,71906500,0.017437,434.8543,431.9473
2025-12-05,TSLA,455.0,56427500,0.001034,438.9143,432.6567
2025-12-08,TSLA,439.5799865722656,69165800,-0.03389,440.7714,432.2287
2025-12-09,TSLA,445.1700134277344,62367400,0.012717,442.9143,431.716
2025-12-10,TSLA,451.45001220703125,63257500,0.014107,445.9586,431.3807
2025-12-11,TSLA,446.8900146484375,55979500,-0.010101,448.48,431.607
2025-12-12,TSLA,458.9599914550781,95656700,0.027009,450.2257,431.687
2025-12-15,TSLA,475.30999755859375,114542200,0.035624,453.1943,431.9183
2025-12-16,TSLA,489.8800048828125,107608100,0.030654,458.1771,433.439
2025-12-17,TSLA,467.260009765625,106490400,-0.046175,462.1314,433.612
2025-12-18,TSLA,483.3699951171875,95168400,0.034478,467.5886,434.8607
2025-12-19,TSLA,481.20001220703125,103305400,-0.004489,471.8386,436.5833
2025-12-22,TSLA,488.7300109863281,86916100,0.015648,477.8157,438.0333
2025-12-23,TSLA,485.55999755859375,58223600,-0.006486,481.6157,439.5647
2025-12-24,TSLA,485.3999938964844,41285400,-0.00033,483.0571,441.3913
2025-12-25,TSLA,485.3999938964844,41285400,0.0,482.4171,444.1717
2025-12-26,TSLA,475.19000244140625,58780700,-0.021034,483.55,446.533
2025-12-29,TSLA,459.6400146484375,66263000,-0.032724,480.16,448.2237
2025-12-30,TSLA,454.42999267578125,59238500,-0.011335,476.3357,449.9963
2025-12-31,TSLA,449.7200012207031,49078000,-0.010365,470.7629,451.5207
2026-01-01,TSLA,449.7200012207031,49078000,0.0,465.6429,453.337
2026-01-02,TSLA,438.07000732421875,85535400,-0.025905,458.8814,454.903
2026-01-05,TSLA,451.6700134277344,67940800,0.031045,454.0629,456.0327
2026-01-06,TSLA,432.9599914550781,89093800,-0.041424,448.03,456.4847
2026-01-07,TSLA,431.4100036621094,59828800,-0.00358,443.9971,456.6457
2026-01-08,TSLA,435.79998779296875,57041100,0.010176,441.3357,456.953
2026-01-09,TSLA,445.010009765625,67331500,0.021134,440.6629,457.4477
2026-01-12,TSLA,448.9599914550781,61649600,0.008876,440.5543,458.075
2026-01-13,TSLA,447.20001220703125,53719200,-0.00392,441.8586,458.6737
2026-01-14,TSLA,439.20001220703125,57259500,-0.017889,440.0771,458.4223
2026-01-15,TSLA,438.57000732421875,49465800,-0.001434,440.8786,457.8903
2026-01-16,TSLA,437.5,60220600,-0.00244,441.7486,457.307
2026-01-19,TSLA,437.5,60220600,0.0,441.9914,457.2377
2026-01-20,TSLA,419.25,63187300,-0.041714,438.3114,456.3737
2026-01-21,TSLA,431.44000244140625,68124000,0.029076,435.8086,455.7067
2026-01-22,TSLA,449.3599853515625,71546700,0.041535,436.1171,455.789
2026-01-23,TSLA,449.05999755859375,56771400,-0.000668,437.5257,455.459
2026-01-26,TSLA,435.20001220703125,49397400,-0.030864,437.0443,454.122
2026-01-27,TSLA,430.8999938964844,37733100,-0.009881,436.1014,452.156
2026-01-28,TSLA,431.4599914550781,54857400,0.0013,435.2386,450.9627
2026-01-29,TSLA,416.55999755859375,81686100,-0.034534,434.8543,448.7357
2026-01-30,TSLA,430.4100036621094,82626100,0.033249,434.7071,447.0427
2026-02-02,TSLA,421.80999755859375,58739500,-0.019981,430.7714,444.812
2026-02-03,TSLA,421.9599914550781,56886500,0.000356,426.9,442.692
2026-02-04,TSLA,406.010009765625,74606900,-0.0378,422.73,440.0457
2026-02-05,TSLA,397.2099914550781,72819800,-0.021674,417.9171,437.106
2026-02-06,TSLA,411.1099853515625,62677100,0.034994,415.01,434.97
2026-02-09,TSLA,417.32000732421875,54484300,0.015106,415.1186,433.5593
2026-02-10,TSLA,425.2099914550781,64450200,0.018906,414.3757,432.5853
2026-02-11,TSLA,428.2699890136719,57362000,0.007196,415.2986,431.8703
2026-02-12,TSLA,417.07000732421875,61933400,-0.026152,414.6,430.782
2026-02-13,TSLA,417.44000244140625,51434100,0.000887,416.2329,430.0943
2026-02-16,TSLA,417.44000244140625,51434100,0.0,419.1229,428.9533
2026-02-17,TSLA,410.6300048828125,59678800,-0.016314,419.0543,428.209
2026-02-18,TSLA,411.32000732421875,45921400,0.00168,418.1971,427.5393
2026-02-19,TSLA,411.7099914550781,51019600,0.000948,416.2686,426.7363
2026-02-20,TSLA,411.82000732421875,57912200,0.000267,413.9186,425.63
2026-02-23,TSLA,399.8299865722656,69680000,-0.029115,411.4557,423.9923
2026-02-24,TSLA,409.3800048828125,58579500,0.023885,410.3043,422.7317
2026-02-25,TSLA,417.3999938964844,54809700,0.019591,410.2986,422.005
2026-02-26,TSLA,408.5799865722656,53602500,-0.021131,410.0057,421.0053
2026-02-27,TSLA,402.510009765625,56890100,-0.014856,408.7471,419.839
2026-03-02,TSLA,403.32000732421875,55088300,0.002012,407.5486,418.6997
2026-03-03,TSLA,392.42999267578125,62617300,-0.027001,404.7786,417.8057
2026-03-04,TSLA,405.94000244140625,68305500,0.034427,405.6514,416.9557
2026-03-05,TSLA,405.54998779296875,51925900,-0.000961,405.1043,415.4953
2026-03-06,TSLA,396.7300109863281,64054600,-0.021748,402.1514,413.751
2026-03-09,TSLA,398.67999267578125,67018900,0.004915,400.7371,412.5337
2026-03-10,TSLA,399.239990234375,59258700,0.001405,400.27,411.4783
2026-03-11,TSLA,407.82000732421875,62559900,0.021491,400.9129,410.6903
2026-03-12,TSLA,395.010009765625,60973800,-0.031411,401.2814,409.972
2026-03-13,TSLA,391.20001220703125,58504100,-0.009645,399.1757,408.665
2026-03-16,TSLA,395.55999755859375,58068300,0.011145,397.7486,407.79
2026-03-17,TSLA,399.2699890136719,46890500,0.009379,398.1114,407.0337
2026-03-18,TSLA,392.7799987792969,50853100,-0.016255,397.2686,406.5927
2026-03-19,TSLA,380.29998779296875,67078300,-0.031774,394.5629,406.029
2026-03-20,TSLA,367.9599914550781,78628600,-0.032448,388.8686,404.5907
2026-03-23,TSLA,380.8500061035156,74606000,0.035031,386.8457,403.375
2026-03-24,TSLA,383.0299987792969,60004900,0.005724,385.6786,401.969
2026-03-25,TSLA,385.95001220703125,55157300,0.007623,384.3057,400.5583
2026-03-26,TSLA,372.1099853515625,55522900,-0.03586,380.4257,399.0597
2026-03-27,TSLA,361.8299865722656,62065700,-0.027626,376.0043,397.206
