company,ticker,year_week,post_count,avg_score,avg_upvote_ratio,avg_comments,avg_sentiment,positive_posts,negative_posts,neutral_posts
Amazon,AMZN,2025-W13,1,23770.0,0.9,563.0,0.3612,1,0,0
Amazon,AMZN,2025-W14,1,5017.0,0.96,414.0,0.0,0,0,1
Amazon,AMZN,2025-W17,1,43237.0,0.92,2385.0,-0.4019,0,1,0
Amazon,AMZN,2025-W25,1,77.0,0.74,289.0,0.0,0,0,1
Amazon,AMZN,2025-W26,1,672.0,0.97,75.0,0.5859,1,0,0
Amazon,AMZN,2025-W27,1,678.0,0.99,61.0,0.34,1,0,0
Amazon,AMZN,2025-W28,2,423.0,0.9099999999999999,209.5,-0.2294,0,1,1
Amazon,AMZN,2025-W30,1,470.0,0.94,130.0,0.0,0,0,1
Amazon,AMZN,2025-W32,1,143.0,0.84,181.0,0.0,0,0,1
Amazon,AMZN,2025-W37,1,947.0,0.92,442.0,0.2732,1,0,0
Amazon,AMZN,2025-W38,5,202.2,0.924,126.0,-0.08091999999999999,1,2,2
Amazon,AMZN,2025-W40,1,630.0,0.98,46.0,0.1779,1,0,0
Amazon,AMZN,2025-W42,3,224.66666666666666,0.8433333333333334,200.66666666666666,0.18699999999999997,2,0,1
Amazon,AMZN,2025-W43,12,7416.583333333333,0.9333333333333332,453.3333333333333,0.10098333333333331,5,2,5
Amazon,AMZN,2025-W44,1,402.0,0.99,50.0,0.0,0,0,1
Amazon,AMZN,2025-W45,3,234.66666666666666,0.8366666666666666,220.33333333333334,0.2936,2,0,1
Amazon,AMZN,2025-W48,1,180.0,0.92,160.0,0.0,0,0,1
Amazon,AMZN,2025-W49,1,560.0,0.99,107.0,0.0,0,0,1
Amazon,AMZN,2025-W50,1,236.0,0.94,130.0,0.0,0,0,1
Amazon,AMZN,2025-W51,2,2920.0,0.96,374.5,0.1806,1,0,1
Amazon,AMZN,2026-W00,2,9661.5,0.92,654.0,0.125,1,0,1
Amazon,AMZN,2026-W01,2,1817.0,0.935,303.5,0.2202,1,0,1
Amazon,AMZN,2026-W02,1,353.0,0.9,226.0,0.6369,1,0,0
Amazon,AMZN,2026-W03,1,3279.0,0.97,471.0,0.1779,1,0,0
Amazon,AMZN,2026-W05,16,918.3125,0.939375,190.0625,0.06601875,4,2,10
Amazon,AMZN,2026-W06,9,1950.111111111111,0.8999999999999999,453.44444444444446,-0.05413333333333334,2,3,4
Amazon,AMZN,2026-W07,3,958.6666666666666,0.9466666666666667,211.66666666666666,0.22336666666666669,1,0,2
Amazon,AMZN,2026-W08,3,4073.3333333333335,0.9433333333333334,195.0,0.0,0,0,3
Amazon,AMZN,2026-W10,2,20.5,0.735,42.5,0.1806,1,0,1
Amazon,AMZN,2026-W11,2,2692.5,0.935,119.5,0.0,0,0,2
Amazon,AMZN,2026-W12,3,920.6666666666666,0.7866666666666667,470.3333333333333,0.040733333333333344,1,1,1
Apple,AAPL,2025-W12,2,10932.0,0.97,431.0,0.0,0,0,2
Apple,AAPL,2025-W13,5,10337.0,0.958,1237.0,0.13199999999999998,2,0,3
Apple,AAPL,2025-W14,7,16239.857142857143,0.9314285714285714,1030.857142857143,-0.030942857142857137,2,2,3
Apple,AAPL,2025-W15,1,1145.0,0.99,38.0,0.0,0,0,1
Apple,AAPL,2025-W18,1,376.0,0.92,177.0,0.6249,1,0,0
Apple,AAPL,2025-W20,4,6570.25,0.8975,611.75,-0.05265,2,1,1
Apple,AAPL,2025-W22,1,4388.0,0.97,418.0,-0.6486,0,1,0
Apple,AAPL,2025-W23,3,286.6666666666667,0.8733333333333334,97.0,0.042666666666666665,2,1,0
Apple,AAPL,2025-W27,1,4506.0,0.87,870.0,0.0,0,0,1
Apple,AAPL,2025-W30,1,1641.0,0.96,198.0,0.0,0,0,1
Apple,AAPL,2025-W31,3,2363.6666666666665,0.8799999999999999,353.3333333333333,0.0,0,0,3
Apple,AAPL,2025-W32,4,5727.5,0.9,615.25,-0.1101,0,1,3
Apple,AAPL,2025-W33,2,2089.0,0.8200000000000001,497.5,-0.50065,0,2,0
Apple,AAPL,2025-W34,1,2584.0,0.84,394.0,-0.765,0,1,0
Apple,AAPL,2025-W36,4,10947.0,0.9475,479.25,0.0,0,0,4
Apple,AAPL,2025-W37,2,1773.0,0.935,215.0,0.4081,2,0,0
Apple,AAPL,2025-W39,2,3302.0,0.95,325.0,0.38155,2,0,0
Apple,AAPL,2025-W40,2,6964.5,0.955,385.5,0.36845000000000006,2,0,0
Apple,AAPL,2025-W42,1,180.0,0.93,74.0,0.0,0,0,1
Apple,AAPL,2025-W43,3,267.0,0.9400000000000001,60.333333333333336,0.10786666666666667,1,1,1
Apple,AAPL,2025-W44,1,8108.0,0.94,904.0,0.0,0,0,1
Apple,AAPL,2025-W46,3,2267.0,0.8633333333333333,420.6666666666667,0.0,1,1,1
Apple,AAPL,2025-W48,3,4459.0,0.9,322.3333333333333,0.22693333333333332,1,0,2
Apple,AAPL,2025-W51,1,309.0,0.96,29.0,0.3612,1,0,0
Apple,AAPL,2026-W00,1,102.0,0.92,48.0,0.0,0,0,1
Apple,AAPL,2026-W01,5,529.2,0.8019999999999999,117.4,-0.19668000000000002,0,4,1
Apple,AAPL,2026-W03,3,6501.333333333333,0.9666666666666667,103.33333333333333,0.17556666666666665,1,0,2
Apple,AAPL,2026-W04,2,261.0,0.96,91.0,0.0,0,0,2
Apple,AAPL,2026-W05,2,1357.5,0.95,136.5,0.0,0,0,2
Apple,AAPL,2026-W06,2,1060.0,0.9099999999999999,194.5,-0.007000000000000006,1,1,0
Apple,AAPL,2026-W07,2,2029.0,0.83,135.5,0.0,0,0,2
Apple,AAPL,2026-W08,4,2142.5,0.96,202.5,-0.011725,1,1,2
Apple,AAPL,2026-W09,7,4953.857142857143,0.9271428571428572,299.42857142857144,0.0,0,0,7
Apple,AAPL,2026-W10,3,2302.3333333333335,0.96,289.0,-0.042666666666666665,0,1,2
Apple,AAPL,2026-W11,2,5577.5,0.97,348.5,0.2202,1,0,1
Apple,AAPL,2026-W12,3,2776.6666666666665,0.9700000000000001,304.0,-0.30693333333333334,1,2,0
Tesla,TSLA,2025-W12,1,1636.0,0.98,434.0,0.4939,1,0,0
Tesla,TSLA,2025-W13,10,2687.4,0.89,438.4,-0.10442,1,5,4
Tesla,TSLA,2025-W14,2,2653.5,0.925,275.5,0.20095,1,0,1
Tesla,TSLA,2025-W15,3,2637.3333333333335,0.9433333333333334,289.3333333333333,-0.4917666666666667,0,3,0
Tesla,TSLA,2025-W16,5,961.0,0.9339999999999999,276.2,0.11657999999999999,2,0,3
Tesla,TSLA,2025-W17,4,1602.25,0.9625,170.75,0.214775,3,1,0
Tesla,TSLA,2025-W18,2,2375.5,0.905,550.5,-0.08779999999999999,1,1,0
Tesla,TSLA,2025-W20,1,430.0,0.88,809.0,0.0,0,0,1
Tesla,TSLA,2025-W21,2,1276.0,0.94,251.5,0.07925,1,0,1
Tesla,TSLA,2025-W22,2,2001.0,0.9550000000000001,348.5,-0.13620000000000002,1,1,0
Tesla,TSLA,2025-W23,3,570.3333333333334,0.8866666666666667,238.33333333333334,-0.2159333333333333,0,2,1
Tesla,TSLA,2025-W24,1,1168.0,0.99,155.0,0.0,0,0,1
Tesla,TSLA,2025-W25,1,704.0,0.89,803.0,0.0,0,0,1
Tesla,TSLA,2025-W26,2,1124.0,0.96,296.0,-0.1909,0,1,1
Tesla,TSLA,2025-W27,1,398.0,0.95,245.0,0.0,0,0,1
Tesla,TSLA,2025-W29,3,429.6666666666667,0.8566666666666668,285.3333333333333,0.4403333333333333,2,0,1
Tesla,TSLA,2025-W30,1,1650.0,0.98,194.0,-0.5574,0,1,0
Tesla,TSLA,2025-W36,2,796.5,0.96,138.0,0.06239999999999998,1,1,0
Tesla,TSLA,2025-W37,1,889.0,0.92,93.0,0.7845,1,0,0
Tesla,TSLA,2025-W38,1,531.0,0.85,334.0,0.5719,1,0,0
Tesla,TSLA,2025-W39,1,859.0,0.88,265.0,0.2263,1,0,0
Tesla,TSLA,2025-W40,1,40304.0,0.95,1251.0,0.4939,1,0,0
Tesla,TSLA,2025-W43,3,591.3333333333334,0.79,384.0,0.35946666666666666,2,0,1
Tesla,TSLA,2025-W44,3,914.3333333333334,0.8433333333333334,345.3333333333333,0.008700000000000027,1,2,0
Tesla,TSLA,2025-W46,1,1931.0,0.96,60.0,0.7351,1,0,0
Tesla,TSLA,2025-W48,1,384.0,0.94,172.0,0.0,0,0,1
Tesla,TSLA,2025-W49,1,35271.0,0.93,1975.0,0.0,0,0,1
Tesla,TSLA,2025-W50,2,337.5,0.87,232.0,0.0,0,0,2
Tesla,TSLA,2025-W52,2,602.0,0.96,146.5,0.0,0,0,2
Tesla,TSLA,2026-W01,1,12188.0,0.92,1365.0,0.0,0,0,1
Tesla,TSLA,2026-W02,3,535.3333333333334,0.89,340.3333333333333,-0.09866666666666667,0,1,2
Tesla,TSLA,2026-W03,1,1109.0,0.98,382.0,0.7347,1,0,0
Tesla,TSLA,2026-W04,5,482.0,0.914,372.0,-0.08808,0,1,4
Tesla,TSLA,2026-W05,2,4936.0,0.98,230.0,-0.2611,1,1,0
Tesla,TSLA,2026-W06,4,2108.75,0.9475,455.75,-0.16215,0,1,3
Tesla,TSLA,2026-W07,2,780.0,0.965,158.5,-0.5719,0,2,0
Tesla,TSLA,2026-W08,3,12141.666666666666,0.9566666666666667,1015.0,-0.19733333333333333,1,2,0
Tesla,TSLA,2026-W09,1,444.0,0.93,112.0,0.0,0,0,1
Tesla,TSLA,2026-W10,1,3.0,0.58,4.0,0.0,0,0,1
Tesla,TSLA,2026-W11,3,11.0,0.8066666666666666,70.33333333333333,0.11333333333333334,1,0,2
Tesla,TSLA,2026-W12,1,6346.0,0.97,461.0,0.0,0,0,1
